2025-11-14 16:33:48,745:WARNING:
'cuml' is a soft dependency and not included in the pycaret installation. Please run: `pip install cuml` to install.
2025-11-14 16:33:48,745:WARNING:
'cuml' is a soft dependency and not included in the pycaret installation. Please run: `pip install cuml` to install.
2025-11-14 16:33:48,745:WARNING:
'cuml' is a soft dependency and not included in the pycaret installation. Please run: `pip install cuml` to install.
2025-11-14 16:33:48,745:WARNING:
'cuml' is a soft dependency and not included in the pycaret installation. Please run: `pip install cuml` to install.
2025-11-14 16:42:59,523:INFO:PyCaret RegressionExperiment
2025-11-14 16:42:59,523:INFO:Logging name: reg-default-name
2025-11-14 16:42:59,523:INFO:ML Usecase: MLUsecase.REGRESSION
2025-11-14 16:42:59,523:INFO:version 3.3.2
2025-11-14 16:42:59,523:INFO:Initializing setup()
2025-11-14 16:42:59,524:INFO:self.USI: 7fbe
2025-11-14 16:42:59,524:INFO:self._variable_keys: {'logging_param', 'y_test', 'fold_generator', 'memory', 'data', 'fold_groups_param', 'transform_target_param', 'pipeline', 'target_param', 'log_plots_param', 'n_jobs_param', 'fold_shuffle_param', 'exp_id', 'html_param', 'seed', '_available_plots', 'USI', 'y', 'X_train', 'y_train', 'X', 'idx', 'exp_name_log', 'gpu_param', 'X_test', '_ml_usecase', 'gpu_n_jobs_param'}
2025-11-14 16:42:59,524:INFO:Checking environment
2025-11-14 16:42:59,524:INFO:python_version: 3.10.19
2025-11-14 16:42:59,524:INFO:python_build: ('main', 'Oct 21 2025 16:43:05')
2025-11-14 16:42:59,524:INFO:machine: x86_64
2025-11-14 16:42:59,524:INFO:platform: Linux-6.14.0-35-generic-x86_64-with-glibc2.41
2025-11-14 16:42:59,524:INFO:Memory: svmem(total=40664567808, available=21131780096, percent=48.0, used=18950246400, free=814764032, active=17739984896, inactive=18157748224, buffers=912789504, cached=19986767872, shared=2027413504, slab=2018816000)
2025-11-14 16:42:59,525:INFO:Physical Core: 4
2025-11-14 16:42:59,525:INFO:Logical Core: 8
2025-11-14 16:42:59,526:INFO:Checking libraries
2025-11-14 16:42:59,526:INFO:System:
2025-11-14 16:42:59,526:INFO:    python: 3.10.19 (main, Oct 21 2025, 16:43:05) [GCC 11.2.0]
2025-11-14 16:42:59,526:INFO:executable: /media/aria/SSD/anaconda/envs/py310/bin/python
2025-11-14 16:42:59,526:INFO:   machine: Linux-6.14.0-35-generic-x86_64-with-glibc2.41
2025-11-14 16:42:59,526:INFO:PyCaret required dependencies:
2025-11-14 16:43:00,097:INFO:                 pip: 25.2
2025-11-14 16:43:00,097:INFO:          setuptools: 80.9.0
2025-11-14 16:43:00,097:INFO:             pycaret: 3.3.2
2025-11-14 16:43:00,097:INFO:             IPython: 8.30.0
2025-11-14 16:43:00,097:INFO:          ipywidgets: 8.1.7
2025-11-14 16:43:00,097:INFO:                tqdm: 4.67.1
2025-11-14 16:43:00,097:INFO:               numpy: 1.26.4
2025-11-14 16:43:00,097:INFO:              pandas: 2.1.4
2025-11-14 16:43:00,097:INFO:              jinja2: 3.1.6
2025-11-14 16:43:00,097:INFO:               scipy: 1.11.4
2025-11-14 16:43:00,097:INFO:              joblib: 1.3.2
2025-11-14 16:43:00,097:INFO:             sklearn: 1.4.2
2025-11-14 16:43:00,097:INFO:                pyod: 2.0.5
2025-11-14 16:43:00,097:INFO:            imblearn: 0.14.0
2025-11-14 16:43:00,097:INFO:   category_encoders: 2.7.0
2025-11-14 16:43:00,097:INFO:            lightgbm: 4.6.0
2025-11-14 16:43:00,097:INFO:               numba: 0.61.0
2025-11-14 16:43:00,097:INFO:            requests: 2.32.5
2025-11-14 16:43:00,097:INFO:          matplotlib: 3.7.5
2025-11-14 16:43:00,097:INFO:          scikitplot: 0.3.7
2025-11-14 16:43:00,097:INFO:         yellowbrick: 1.5
2025-11-14 16:43:00,097:INFO:              plotly: 5.24.1
2025-11-14 16:43:00,097:INFO:    plotly-resampler: Not installed
2025-11-14 16:43:00,097:INFO:             kaleido: 1.2.0
2025-11-14 16:43:00,097:INFO:           schemdraw: 0.15
2025-11-14 16:43:00,097:INFO:         statsmodels: 0.14.5
2025-11-14 16:43:00,097:INFO:              sktime: 0.26.0
2025-11-14 16:43:00,097:INFO:               tbats: 1.1.3
2025-11-14 16:43:00,097:INFO:            pmdarima: 2.0.4
2025-11-14 16:43:00,097:INFO:              psutil: 7.0.0
2025-11-14 16:43:00,097:INFO:          markupsafe: 3.0.2
2025-11-14 16:43:00,097:INFO:             pickle5: Not installed
2025-11-14 16:43:00,097:INFO:         cloudpickle: 3.1.2
2025-11-14 16:43:00,097:INFO:         deprecation: 2.1.0
2025-11-14 16:43:00,097:INFO:              xxhash: 3.6.0
2025-11-14 16:43:00,098:INFO:           wurlitzer: 3.1.1
2025-11-14 16:43:00,098:INFO:PyCaret optional dependencies:
2025-11-14 16:43:02,535:INFO:                shap: 0.44.1
2025-11-14 16:43:02,535:INFO:           interpret: 0.7.3
2025-11-14 16:43:02,535:INFO:                umap: 0.5.7
2025-11-14 16:43:02,535:INFO:     ydata_profiling: 4.17.0
2025-11-14 16:43:02,535:INFO:  explainerdashboard: 0.5.1
2025-11-14 16:43:02,535:INFO:             autoviz: Not installed
2025-11-14 16:43:02,535:INFO:           fairlearn: 0.7.0
2025-11-14 16:43:02,535:INFO:          deepchecks: Not installed
2025-11-14 16:43:02,535:INFO:             xgboost: 3.1.1
2025-11-14 16:43:02,535:INFO:            catboost: 1.2.8
2025-11-14 16:43:02,535:INFO:              kmodes: 0.12.2
2025-11-14 16:43:02,535:INFO:             mlxtend: 0.23.4
2025-11-14 16:43:02,535:INFO:       statsforecast: 1.5.0
2025-11-14 16:43:02,535:INFO:        tune_sklearn: 0.5.0
2025-11-14 16:43:02,535:INFO:                 ray: 2.51.1
2025-11-14 16:43:02,535:INFO:            hyperopt: 0.2.7
2025-11-14 16:43:02,535:INFO:              optuna: 4.6.0
2025-11-14 16:43:02,535:INFO:               skopt: 0.10.2
2025-11-14 16:43:02,535:INFO:              mlflow: 3.6.0
2025-11-14 16:43:02,535:INFO:              gradio: 6.0.0-dev.1
2025-11-14 16:43:02,535:INFO:             fastapi: 0.121.2
2025-11-14 16:43:02,535:INFO:             uvicorn: 0.38.0
2025-11-14 16:43:02,535:INFO:              m2cgen: 0.10.0
2025-11-14 16:43:02,535:INFO:           evidently: 0.4.40
2025-11-14 16:43:02,535:INFO:               fugue: 0.8.7
2025-11-14 16:43:02,535:INFO:           streamlit: Not installed
2025-11-14 16:43:02,535:INFO:             prophet: Not installed
2025-11-14 16:43:02,535:INFO:None
2025-11-14 16:43:02,535:INFO:Set up data.
2025-11-14 16:43:30,803:INFO:PyCaret RegressionExperiment
2025-11-14 16:43:30,803:INFO:Logging name: reg-default-name
2025-11-14 16:43:30,803:INFO:ML Usecase: MLUsecase.REGRESSION
2025-11-14 16:43:30,803:INFO:version 3.3.2
2025-11-14 16:43:30,803:INFO:Initializing setup()
2025-11-14 16:43:30,803:INFO:self.USI: 85b6
2025-11-14 16:43:30,804:INFO:self._variable_keys: {'logging_param', 'y_test', 'fold_generator', 'memory', 'data', 'fold_groups_param', 'transform_target_param', 'pipeline', 'target_param', 'log_plots_param', 'n_jobs_param', 'fold_shuffle_param', 'exp_id', 'html_param', 'seed', '_available_plots', 'USI', 'y', 'X_train', 'y_train', 'X', 'idx', 'exp_name_log', 'gpu_param', 'X_test', '_ml_usecase', 'gpu_n_jobs_param'}
2025-11-14 16:43:30,804:INFO:Checking environment
2025-11-14 16:43:30,804:INFO:python_version: 3.10.19
2025-11-14 16:43:30,804:INFO:python_build: ('main', 'Oct 21 2025 16:43:05')
2025-11-14 16:43:30,804:INFO:machine: x86_64
2025-11-14 16:43:30,804:INFO:platform: Linux-6.14.0-35-generic-x86_64-with-glibc2.41
2025-11-14 16:43:30,804:INFO:Memory: svmem(total=40664567808, available=20939481088, percent=48.5, used=19118665728, free=619151360, active=17890443264, inactive=18160951296, buffers=912801792, cached=20013948928, shared=2054307840, slab=2019008512)
2025-11-14 16:43:30,805:INFO:Physical Core: 4
2025-11-14 16:43:30,805:INFO:Logical Core: 8
2025-11-14 16:43:30,805:INFO:Checking libraries
2025-11-14 16:43:30,805:INFO:System:
2025-11-14 16:43:30,805:INFO:    python: 3.10.19 (main, Oct 21 2025, 16:43:05) [GCC 11.2.0]
2025-11-14 16:43:30,805:INFO:executable: /media/aria/SSD/anaconda/envs/py310/bin/python
2025-11-14 16:43:30,805:INFO:   machine: Linux-6.14.0-35-generic-x86_64-with-glibc2.41
2025-11-14 16:43:30,805:INFO:PyCaret required dependencies:
2025-11-14 16:43:30,805:INFO:                 pip: 25.2
2025-11-14 16:43:30,805:INFO:          setuptools: 80.9.0
2025-11-14 16:43:30,805:INFO:             pycaret: 3.3.2
2025-11-14 16:43:30,805:INFO:             IPython: 8.30.0
2025-11-14 16:43:30,805:INFO:          ipywidgets: 8.1.7
2025-11-14 16:43:30,805:INFO:                tqdm: 4.67.1
2025-11-14 16:43:30,806:INFO:               numpy: 1.26.4
2025-11-14 16:43:30,806:INFO:              pandas: 2.1.4
2025-11-14 16:43:30,806:INFO:              jinja2: 3.1.6
2025-11-14 16:43:30,806:INFO:               scipy: 1.11.4
2025-11-14 16:43:30,806:INFO:              joblib: 1.3.2
2025-11-14 16:43:30,806:INFO:             sklearn: 1.4.2
2025-11-14 16:43:30,806:INFO:                pyod: 2.0.5
2025-11-14 16:43:30,806:INFO:            imblearn: 0.14.0
2025-11-14 16:43:30,806:INFO:   category_encoders: 2.7.0
2025-11-14 16:43:30,806:INFO:            lightgbm: 4.6.0
2025-11-14 16:43:30,806:INFO:               numba: 0.61.0
2025-11-14 16:43:30,806:INFO:            requests: 2.32.5
2025-11-14 16:43:30,806:INFO:          matplotlib: 3.7.5
2025-11-14 16:43:30,806:INFO:          scikitplot: 0.3.7
2025-11-14 16:43:30,806:INFO:         yellowbrick: 1.5
2025-11-14 16:43:30,806:INFO:              plotly: 5.24.1
2025-11-14 16:43:30,806:INFO:    plotly-resampler: Not installed
2025-11-14 16:43:30,806:INFO:             kaleido: 1.2.0
2025-11-14 16:43:30,806:INFO:           schemdraw: 0.15
2025-11-14 16:43:30,806:INFO:         statsmodels: 0.14.5
2025-11-14 16:43:30,806:INFO:              sktime: 0.26.0
2025-11-14 16:43:30,806:INFO:               tbats: 1.1.3
2025-11-14 16:43:30,806:INFO:            pmdarima: 2.0.4
2025-11-14 16:43:30,806:INFO:              psutil: 7.0.0
2025-11-14 16:43:30,806:INFO:          markupsafe: 3.0.2
2025-11-14 16:43:30,806:INFO:             pickle5: Not installed
2025-11-14 16:43:30,806:INFO:         cloudpickle: 3.1.2
2025-11-14 16:43:30,806:INFO:         deprecation: 2.1.0
2025-11-14 16:43:30,806:INFO:              xxhash: 3.6.0
2025-11-14 16:43:30,807:INFO:           wurlitzer: 3.1.1
2025-11-14 16:43:30,807:INFO:PyCaret optional dependencies:
2025-11-14 16:43:30,807:INFO:                shap: 0.44.1
2025-11-14 16:43:30,807:INFO:           interpret: 0.7.3
2025-11-14 16:43:30,807:INFO:                umap: 0.5.7
2025-11-14 16:43:30,807:INFO:     ydata_profiling: 4.17.0
2025-11-14 16:43:30,807:INFO:  explainerdashboard: 0.5.1
2025-11-14 16:43:30,807:INFO:             autoviz: Not installed
2025-11-14 16:43:30,807:INFO:           fairlearn: 0.7.0
2025-11-14 16:43:30,807:INFO:          deepchecks: Not installed
2025-11-14 16:43:30,807:INFO:             xgboost: 3.1.1
2025-11-14 16:43:30,807:INFO:            catboost: 1.2.8
2025-11-14 16:43:30,807:INFO:              kmodes: 0.12.2
2025-11-14 16:43:30,807:INFO:             mlxtend: 0.23.4
2025-11-14 16:43:30,807:INFO:       statsforecast: 1.5.0
2025-11-14 16:43:30,807:INFO:        tune_sklearn: 0.5.0
2025-11-14 16:43:30,807:INFO:                 ray: 2.51.1
2025-11-14 16:43:30,807:INFO:            hyperopt: 0.2.7
2025-11-14 16:43:30,807:INFO:              optuna: 4.6.0
2025-11-14 16:43:30,807:INFO:               skopt: 0.10.2
2025-11-14 16:43:30,807:INFO:              mlflow: 3.6.0
2025-11-14 16:43:30,807:INFO:              gradio: 6.0.0-dev.1
2025-11-14 16:43:30,807:INFO:             fastapi: 0.121.2
2025-11-14 16:43:30,807:INFO:             uvicorn: 0.38.0
2025-11-14 16:43:30,807:INFO:              m2cgen: 0.10.0
2025-11-14 16:43:30,807:INFO:           evidently: 0.4.40
2025-11-14 16:43:30,807:INFO:               fugue: 0.8.7
2025-11-14 16:43:30,807:INFO:           streamlit: Not installed
2025-11-14 16:43:30,808:INFO:             prophet: Not installed
2025-11-14 16:43:30,808:INFO:None
2025-11-14 16:43:30,808:INFO:Set up data.
2025-11-14 16:43:42,460:INFO:PyCaret RegressionExperiment
2025-11-14 16:43:42,461:INFO:Logging name: reg-default-name
2025-11-14 16:43:42,461:INFO:ML Usecase: MLUsecase.REGRESSION
2025-11-14 16:43:42,461:INFO:version 3.3.2
2025-11-14 16:43:42,461:INFO:Initializing setup()
2025-11-14 16:43:42,461:INFO:self.USI: be65
2025-11-14 16:43:42,461:INFO:self._variable_keys: {'logging_param', 'y_test', 'fold_generator', 'memory', 'data', 'fold_groups_param', 'transform_target_param', 'pipeline', 'target_param', 'log_plots_param', 'n_jobs_param', 'fold_shuffle_param', 'exp_id', 'html_param', 'seed', '_available_plots', 'USI', 'y', 'X_train', 'y_train', 'X', 'idx', 'exp_name_log', 'gpu_param', 'X_test', '_ml_usecase', 'gpu_n_jobs_param'}
2025-11-14 16:43:42,461:INFO:Checking environment
2025-11-14 16:43:42,461:INFO:python_version: 3.10.19
2025-11-14 16:43:42,461:INFO:python_build: ('main', 'Oct 21 2025 16:43:05')
2025-11-14 16:43:42,461:INFO:machine: x86_64
2025-11-14 16:43:42,461:INFO:platform: Linux-6.14.0-35-generic-x86_64-with-glibc2.41
2025-11-14 16:43:42,462:INFO:Memory: svmem(total=40664567808, available=20936753152, percent=48.5, used=19127615488, free=617725952, active=17925029888, inactive=18159644672, buffers=912814080, cached=20006412288, shared=2046701568, slab=2018807808)
2025-11-14 16:43:42,463:INFO:Physical Core: 4
2025-11-14 16:43:42,463:INFO:Logical Core: 8
2025-11-14 16:43:42,463:INFO:Checking libraries
2025-11-14 16:43:42,463:INFO:System:
2025-11-14 16:43:42,463:INFO:    python: 3.10.19 (main, Oct 21 2025, 16:43:05) [GCC 11.2.0]
2025-11-14 16:43:42,463:INFO:executable: /media/aria/SSD/anaconda/envs/py310/bin/python
2025-11-14 16:43:42,463:INFO:   machine: Linux-6.14.0-35-generic-x86_64-with-glibc2.41
2025-11-14 16:43:42,463:INFO:PyCaret required dependencies:
2025-11-14 16:43:42,463:INFO:                 pip: 25.2
2025-11-14 16:43:42,463:INFO:          setuptools: 80.9.0
2025-11-14 16:43:42,463:INFO:             pycaret: 3.3.2
2025-11-14 16:43:42,463:INFO:             IPython: 8.30.0
2025-11-14 16:43:42,463:INFO:          ipywidgets: 8.1.7
2025-11-14 16:43:42,464:INFO:                tqdm: 4.67.1
2025-11-14 16:43:42,464:INFO:               numpy: 1.26.4
2025-11-14 16:43:42,464:INFO:              pandas: 2.1.4
2025-11-14 16:43:42,464:INFO:              jinja2: 3.1.6
2025-11-14 16:43:42,464:INFO:               scipy: 1.11.4
2025-11-14 16:43:42,464:INFO:              joblib: 1.3.2
2025-11-14 16:43:42,464:INFO:             sklearn: 1.4.2
2025-11-14 16:43:42,464:INFO:                pyod: 2.0.5
2025-11-14 16:43:42,464:INFO:            imblearn: 0.14.0
2025-11-14 16:43:42,464:INFO:   category_encoders: 2.7.0
2025-11-14 16:43:42,464:INFO:            lightgbm: 4.6.0
2025-11-14 16:43:42,464:INFO:               numba: 0.61.0
2025-11-14 16:43:42,464:INFO:            requests: 2.32.5
2025-11-14 16:43:42,464:INFO:          matplotlib: 3.7.5
2025-11-14 16:43:42,464:INFO:          scikitplot: 0.3.7
2025-11-14 16:43:42,464:INFO:         yellowbrick: 1.5
2025-11-14 16:43:42,465:INFO:              plotly: 5.24.1
2025-11-14 16:43:42,465:INFO:    plotly-resampler: Not installed
2025-11-14 16:43:42,465:INFO:             kaleido: 1.2.0
2025-11-14 16:43:42,465:INFO:           schemdraw: 0.15
2025-11-14 16:43:42,465:INFO:         statsmodels: 0.14.5
2025-11-14 16:43:42,465:INFO:              sktime: 0.26.0
2025-11-14 16:43:42,465:INFO:               tbats: 1.1.3
2025-11-14 16:43:42,465:INFO:            pmdarima: 2.0.4
2025-11-14 16:43:42,465:INFO:              psutil: 7.0.0
2025-11-14 16:43:42,465:INFO:          markupsafe: 3.0.2
2025-11-14 16:43:42,465:INFO:             pickle5: Not installed
2025-11-14 16:43:42,465:INFO:         cloudpickle: 3.1.2
2025-11-14 16:43:42,465:INFO:         deprecation: 2.1.0
2025-11-14 16:43:42,465:INFO:              xxhash: 3.6.0
2025-11-14 16:43:42,465:INFO:           wurlitzer: 3.1.1
2025-11-14 16:43:42,465:INFO:PyCaret optional dependencies:
2025-11-14 16:43:42,465:INFO:                shap: 0.44.1
2025-11-14 16:43:42,465:INFO:           interpret: 0.7.3
2025-11-14 16:43:42,466:INFO:                umap: 0.5.7
2025-11-14 16:43:42,466:INFO:     ydata_profiling: 4.17.0
2025-11-14 16:43:42,466:INFO:  explainerdashboard: 0.5.1
2025-11-14 16:43:42,466:INFO:             autoviz: Not installed
2025-11-14 16:43:42,466:INFO:           fairlearn: 0.7.0
2025-11-14 16:43:42,466:INFO:          deepchecks: Not installed
2025-11-14 16:43:42,466:INFO:             xgboost: 3.1.1
2025-11-14 16:43:42,466:INFO:            catboost: 1.2.8
2025-11-14 16:43:42,466:INFO:              kmodes: 0.12.2
2025-11-14 16:43:42,466:INFO:             mlxtend: 0.23.4
2025-11-14 16:43:42,466:INFO:       statsforecast: 1.5.0
2025-11-14 16:43:42,466:INFO:        tune_sklearn: 0.5.0
2025-11-14 16:43:42,466:INFO:                 ray: 2.51.1
2025-11-14 16:43:42,466:INFO:            hyperopt: 0.2.7
2025-11-14 16:43:42,466:INFO:              optuna: 4.6.0
2025-11-14 16:43:42,466:INFO:               skopt: 0.10.2
2025-11-14 16:43:42,466:INFO:              mlflow: 3.6.0
2025-11-14 16:43:42,466:INFO:              gradio: 6.0.0-dev.1
2025-11-14 16:43:42,466:INFO:             fastapi: 0.121.2
2025-11-14 16:43:42,466:INFO:             uvicorn: 0.38.0
2025-11-14 16:43:42,466:INFO:              m2cgen: 0.10.0
2025-11-14 16:43:42,466:INFO:           evidently: 0.4.40
2025-11-14 16:43:42,466:INFO:               fugue: 0.8.7
2025-11-14 16:43:42,466:INFO:           streamlit: Not installed
2025-11-14 16:43:42,466:INFO:             prophet: Not installed
2025-11-14 16:43:42,466:INFO:None
2025-11-14 16:43:42,467:INFO:Set up data.
2025-11-14 16:43:42,476:INFO:Set up folding strategy.
2025-11-14 16:43:42,476:INFO:Set up train/test split.
2025-11-14 16:43:42,481:INFO:Set up index.
2025-11-14 16:43:42,482:INFO:Assigning column types.
2025-11-14 16:43:42,487:INFO:Engine successfully changes for model 'lr' to 'sklearn'.
2025-11-14 16:43:42,487:INFO:Engine for model 'lasso' has not been set explicitly, hence returning None.
2025-11-14 16:43:42,491:INFO:Engine for model 'ridge' has not been set explicitly, hence returning None.
2025-11-14 16:43:42,495:INFO:Engine for model 'en' has not been set explicitly, hence returning None.
2025-11-14 16:43:42,549:INFO:Engine for model 'svm' has not been set explicitly, hence returning None.
2025-11-14 16:43:42,587:INFO:Engine for model 'knn' has not been set explicitly, hence returning None.
2025-11-14 16:43:42,588:INFO:Soft dependency imported: xgboost: 3.1.1
2025-11-14 16:43:42,590:INFO:Soft dependency imported: catboost: 1.2.8
2025-11-14 16:43:42,604:INFO:Engine for model 'lasso' has not been set explicitly, hence returning None.
2025-11-14 16:43:42,608:INFO:Engine for model 'ridge' has not been set explicitly, hence returning None.
2025-11-14 16:43:42,613:INFO:Engine for model 'en' has not been set explicitly, hence returning None.
2025-11-14 16:43:42,671:INFO:Engine for model 'svm' has not been set explicitly, hence returning None.
2025-11-14 16:43:42,707:INFO:Engine for model 'knn' has not been set explicitly, hence returning None.
2025-11-14 16:43:42,708:INFO:Soft dependency imported: xgboost: 3.1.1
2025-11-14 16:43:42,710:INFO:Soft dependency imported: catboost: 1.2.8
2025-11-14 16:43:42,711:INFO:Engine successfully changes for model 'lasso' to 'sklearn'.
2025-11-14 16:43:42,715:INFO:Engine for model 'ridge' has not been set explicitly, hence returning None.
2025-11-14 16:43:42,719:INFO:Engine for model 'en' has not been set explicitly, hence returning None.
2025-11-14 16:43:42,766:INFO:Engine for model 'svm' has not been set explicitly, hence returning None.
2025-11-14 16:43:42,803:INFO:Engine for model 'knn' has not been set explicitly, hence returning None.
2025-11-14 16:43:42,803:INFO:Soft dependency imported: xgboost: 3.1.1
2025-11-14 16:43:42,806:INFO:Soft dependency imported: catboost: 1.2.8
2025-11-14 16:43:42,810:INFO:Engine for model 'ridge' has not been set explicitly, hence returning None.
2025-11-14 16:43:42,814:INFO:Engine for model 'en' has not been set explicitly, hence returning None.
2025-11-14 16:43:42,869:INFO:Engine for model 'svm' has not been set explicitly, hence returning None.
2025-11-14 16:43:42,913:INFO:Engine for model 'knn' has not been set explicitly, hence returning None.
2025-11-14 16:43:42,913:INFO:Soft dependency imported: xgboost: 3.1.1
2025-11-14 16:43:42,916:INFO:Soft dependency imported: catboost: 1.2.8
2025-11-14 16:43:42,917:INFO:Engine successfully changes for model 'ridge' to 'sklearn'.
2025-11-14 16:43:42,924:INFO:Engine for model 'en' has not been set explicitly, hence returning None.
2025-11-14 16:43:42,975:INFO:Engine for model 'svm' has not been set explicitly, hence returning None.
2025-11-14 16:43:43,019:INFO:Engine for model 'knn' has not been set explicitly, hence returning None.
2025-11-14 16:43:43,019:INFO:Soft dependency imported: xgboost: 3.1.1
2025-11-14 16:43:43,022:INFO:Soft dependency imported: catboost: 1.2.8
2025-11-14 16:43:43,030:INFO:Engine for model 'en' has not been set explicitly, hence returning None.
2025-11-14 16:43:43,086:INFO:Engine for model 'svm' has not been set explicitly, hence returning None.
2025-11-14 16:43:43,131:INFO:Engine for model 'knn' has not been set explicitly, hence returning None.
2025-11-14 16:43:43,131:INFO:Soft dependency imported: xgboost: 3.1.1
2025-11-14 16:43:43,134:INFO:Soft dependency imported: catboost: 1.2.8
2025-11-14 16:43:43,134:INFO:Engine successfully changes for model 'en' to 'sklearn'.
2025-11-14 16:43:43,207:INFO:Engine for model 'svm' has not been set explicitly, hence returning None.
2025-11-14 16:43:43,249:INFO:Engine for model 'knn' has not been set explicitly, hence returning None.
2025-11-14 16:43:43,249:INFO:Soft dependency imported: xgboost: 3.1.1
2025-11-14 16:43:43,252:INFO:Soft dependency imported: catboost: 1.2.8
2025-11-14 16:43:43,311:INFO:Engine for model 'svm' has not been set explicitly, hence returning None.
2025-11-14 16:43:43,348:INFO:Engine for model 'knn' has not been set explicitly, hence returning None.
2025-11-14 16:43:43,348:INFO:Soft dependency imported: xgboost: 3.1.1
2025-11-14 16:43:43,351:INFO:Soft dependency imported: catboost: 1.2.8
2025-11-14 16:43:43,351:INFO:Engine successfully changes for model 'knn' to 'sklearn'.
2025-11-14 16:43:43,409:INFO:Engine for model 'svm' has not been set explicitly, hence returning None.
2025-11-14 16:43:43,447:INFO:Soft dependency imported: xgboost: 3.1.1
2025-11-14 16:43:43,449:INFO:Soft dependency imported: catboost: 1.2.8
2025-11-14 16:43:43,505:INFO:Engine for model 'svm' has not been set explicitly, hence returning None.
2025-11-14 16:43:43,549:INFO:Soft dependency imported: xgboost: 3.1.1
2025-11-14 16:43:43,551:INFO:Soft dependency imported: catboost: 1.2.8
2025-11-14 16:43:43,552:INFO:Engine successfully changes for model 'svm' to 'sklearn'.
2025-11-14 16:43:43,675:INFO:Soft dependency imported: xgboost: 3.1.1
2025-11-14 16:43:43,678:INFO:Soft dependency imported: catboost: 1.2.8
2025-11-14 16:43:43,778:INFO:Soft dependency imported: xgboost: 3.1.1
2025-11-14 16:43:43,780:INFO:Soft dependency imported: catboost: 1.2.8
2025-11-14 16:43:43,782:INFO:Preparing preprocessing pipeline...
2025-11-14 16:43:43,782:INFO:Set up simple imputation.
2025-11-14 16:43:43,801:INFO:Finished creating preprocessing pipeline.
2025-11-14 16:43:43,805:INFO:Pipeline: Pipeline(memory=FastMemory(location=/tmp/joblib),
         steps=[('numerical_imputer',
                 TransformerWrapper(include=['crim', 'zn', 'indus', 'chas',
                                             'nox', 'rm', 'age', 'dis', 'rad',
                                             'tax', 'ptratio', 'black',
                                             'lstat'],
                                    transformer=SimpleImputer())),
                ('categorical_imputer',
                 TransformerWrapper(include=[],
                                    transformer=SimpleImputer(strategy='most_frequent')))])
2025-11-14 16:43:43,805:INFO:Creating final display dataframe.
2025-11-14 16:43:43,866:INFO:Setup _display_container:                     Description             Value
0                    Session id               123
1                        Target              medv
2                   Target type        Regression
3           Original data shape         (506, 14)
4        Transformed data shape         (506, 14)
5   Transformed train set shape         (354, 14)
6    Transformed test set shape         (152, 14)
7              Numeric features                13
8                    Preprocess              True
9               Imputation type            simple
10           Numeric imputation              mean
11       Categorical imputation              mode
12               Fold Generator             KFold
13                  Fold Number                10
14                     CPU Jobs                -1
15                      Use GPU             False
16               Log Experiment             False
17              Experiment Name  reg-default-name
18                          USI              be65
2025-11-14 16:43:43,985:INFO:Soft dependency imported: xgboost: 3.1.1
2025-11-14 16:43:43,988:INFO:Soft dependency imported: catboost: 1.2.8
2025-11-14 16:43:44,093:INFO:Soft dependency imported: xgboost: 3.1.1
2025-11-14 16:43:44,096:INFO:Soft dependency imported: catboost: 1.2.8
2025-11-14 16:43:44,097:INFO:setup() successfully completed in 1.64s...............
2025-11-14 17:13:03,791:INFO:Initializing compare_models()
2025-11-14 17:13:03,791:INFO:compare_models(self=<pycaret.regression.oop.RegressionExperiment object at 0x7acf5b32fe50>, include=None, fold=None, round=4, cross_validation=True, sort=R2, n_select=1, budget_time=None, turbo=True, errors=ignore, fit_kwargs=None, groups=None, experiment_custom_tags=None, probability_threshold=None, verbose=True, parallel=None, caller_params={'self': <pycaret.regression.oop.RegressionExperiment object at 0x7acf5b32fe50>, 'include': None, 'exclude': None, 'fold': None, 'round': 4, 'cross_validation': True, 'sort': 'R2', 'n_select': 1, 'budget_time': None, 'turbo': True, 'errors': 'ignore', 'fit_kwargs': None, 'groups': None, 'experiment_custom_tags': None, 'engine': None, 'verbose': True, 'parallel': None, '__class__': <class 'pycaret.regression.oop.RegressionExperiment'>}, exclude=None)
2025-11-14 17:13:03,792:INFO:Checking exceptions
2025-11-14 17:13:03,796:INFO:Preparing display monitor
2025-11-14 17:13:03,839:INFO:Initializing Linear Regression
2025-11-14 17:13:03,839:INFO:Total runtime is 6.687641143798828e-06 minutes
2025-11-14 17:13:03,843:INFO:SubProcess create_model() called ==================================
2025-11-14 17:13:03,844:INFO:Initializing create_model()
2025-11-14 17:13:03,844:INFO:create_model(self=<pycaret.regression.oop.RegressionExperiment object at 0x7acf5b32fe50>, estimator=lr, fold=KFold(n_splits=10, random_state=None, shuffle=False), round=4, cross_validation=True, predict=True, fit_kwargs={}, groups=None, refit=False, probability_threshold=None, experiment_custom_tags=None, verbose=False, system=False, add_to_model_list=True, metrics=None, display=<pycaret.internal.display.display.CommonDisplay object at 0x7acf5b9a5840>, model_only=True, return_train_score=False, error_score=0.0, kwargs={})
2025-11-14 17:13:03,844:INFO:Checking exceptions
2025-11-14 17:13:03,844:INFO:Importing libraries
2025-11-14 17:13:03,844:INFO:Copying training dataset
2025-11-14 17:13:03,849:INFO:Defining folds
2025-11-14 17:13:03,849:INFO:Declaring metric variables
2025-11-14 17:13:03,853:INFO:Importing untrained model
2025-11-14 17:13:03,856:INFO:Linear Regression Imported successfully
2025-11-14 17:13:03,864:INFO:Starting cross validation
2025-11-14 17:13:03,869:INFO:Cross validating with KFold(n_splits=10, random_state=None, shuffle=False), n_jobs=-1
2025-11-14 17:13:07,941:INFO:Calculating mean and std
2025-11-14 17:13:07,945:INFO:Creating metrics dataframe
2025-11-14 17:13:07,950:INFO:Uploading results into container
2025-11-14 17:13:07,951:INFO:Uploading model into container now
2025-11-14 17:13:07,953:INFO:_master_model_container: 1
2025-11-14 17:13:07,953:INFO:_display_container: 2
2025-11-14 17:13:07,954:INFO:LinearRegression(n_jobs=-1)
2025-11-14 17:13:07,954:INFO:create_model() successfully completed......................................
2025-11-14 17:13:08,159:INFO:SubProcess create_model() end ==================================
2025-11-14 17:13:08,159:INFO:Creating metrics dataframe
2025-11-14 17:13:08,166:INFO:Initializing Lasso Regression
2025-11-14 17:13:08,166:INFO:Total runtime is 0.07212012608846029 minutes
2025-11-14 17:13:08,169:INFO:SubProcess create_model() called ==================================
2025-11-14 17:13:08,169:INFO:Initializing create_model()
2025-11-14 17:13:08,169:INFO:create_model(self=<pycaret.regression.oop.RegressionExperiment object at 0x7acf5b32fe50>, estimator=lasso, fold=KFold(n_splits=10, random_state=None, shuffle=False), round=4, cross_validation=True, predict=True, fit_kwargs={}, groups=None, refit=False, probability_threshold=None, experiment_custom_tags=None, verbose=False, system=False, add_to_model_list=True, metrics=None, display=<pycaret.internal.display.display.CommonDisplay object at 0x7acf5b9a5840>, model_only=True, return_train_score=False, error_score=0.0, kwargs={})
2025-11-14 17:13:08,169:INFO:Checking exceptions
2025-11-14 17:13:08,169:INFO:Importing libraries
2025-11-14 17:13:08,169:INFO:Copying training dataset
2025-11-14 17:13:08,175:INFO:Defining folds
2025-11-14 17:13:08,175:INFO:Declaring metric variables
2025-11-14 17:13:08,179:INFO:Importing untrained model
2025-11-14 17:13:08,182:INFO:Lasso Regression Imported successfully
2025-11-14 17:13:08,189:INFO:Starting cross validation
2025-11-14 17:13:08,190:INFO:Cross validating with KFold(n_splits=10, random_state=None, shuffle=False), n_jobs=-1
2025-11-14 17:13:08,319:INFO:Calculating mean and std
2025-11-14 17:13:08,320:INFO:Creating metrics dataframe
2025-11-14 17:13:08,322:INFO:Uploading results into container
2025-11-14 17:13:08,323:INFO:Uploading model into container now
2025-11-14 17:13:08,323:INFO:_master_model_container: 2
2025-11-14 17:13:08,323:INFO:_display_container: 2
2025-11-14 17:13:08,324:INFO:Lasso(random_state=123)
2025-11-14 17:13:08,324:INFO:create_model() successfully completed......................................
2025-11-14 17:13:08,498:INFO:SubProcess create_model() end ==================================
2025-11-14 17:13:08,498:INFO:Creating metrics dataframe
2025-11-14 17:13:08,506:INFO:Initializing Ridge Regression
2025-11-14 17:13:08,506:INFO:Total runtime is 0.0777840534845988 minutes
2025-11-14 17:13:08,509:INFO:SubProcess create_model() called ==================================
2025-11-14 17:13:08,509:INFO:Initializing create_model()
2025-11-14 17:13:08,509:INFO:create_model(self=<pycaret.regression.oop.RegressionExperiment object at 0x7acf5b32fe50>, estimator=ridge, fold=KFold(n_splits=10, random_state=None, shuffle=False), round=4, cross_validation=True, predict=True, fit_kwargs={}, groups=None, refit=False, probability_threshold=None, experiment_custom_tags=None, verbose=False, system=False, add_to_model_list=True, metrics=None, display=<pycaret.internal.display.display.CommonDisplay object at 0x7acf5b9a5840>, model_only=True, return_train_score=False, error_score=0.0, kwargs={})
2025-11-14 17:13:08,509:INFO:Checking exceptions
2025-11-14 17:13:08,509:INFO:Importing libraries
2025-11-14 17:13:08,510:INFO:Copying training dataset
2025-11-14 17:13:08,515:INFO:Defining folds
2025-11-14 17:13:08,515:INFO:Declaring metric variables
2025-11-14 17:13:08,519:INFO:Importing untrained model
2025-11-14 17:13:08,523:INFO:Ridge Regression Imported successfully
2025-11-14 17:13:08,528:INFO:Starting cross validation
2025-11-14 17:13:08,529:INFO:Cross validating with KFold(n_splits=10, random_state=None, shuffle=False), n_jobs=-1
2025-11-14 17:13:08,646:INFO:Calculating mean and std
2025-11-14 17:13:08,647:INFO:Creating metrics dataframe
2025-11-14 17:13:08,649:INFO:Uploading results into container
2025-11-14 17:13:08,650:INFO:Uploading model into container now
2025-11-14 17:13:08,650:INFO:_master_model_container: 3
2025-11-14 17:13:08,650:INFO:_display_container: 2
2025-11-14 17:13:08,651:INFO:Ridge(random_state=123)
2025-11-14 17:13:08,651:INFO:create_model() successfully completed......................................
2025-11-14 17:13:08,826:INFO:SubProcess create_model() end ==================================
2025-11-14 17:13:08,826:INFO:Creating metrics dataframe
2025-11-14 17:13:08,833:INFO:Initializing Elastic Net
2025-11-14 17:13:08,833:INFO:Total runtime is 0.08324004809061686 minutes
2025-11-14 17:13:08,837:INFO:SubProcess create_model() called ==================================
2025-11-14 17:13:08,838:INFO:Initializing create_model()
2025-11-14 17:13:08,838:INFO:create_model(self=<pycaret.regression.oop.RegressionExperiment object at 0x7acf5b32fe50>, estimator=en, fold=KFold(n_splits=10, random_state=None, shuffle=False), round=4, cross_validation=True, predict=True, fit_kwargs={}, groups=None, refit=False, probability_threshold=None, experiment_custom_tags=None, verbose=False, system=False, add_to_model_list=True, metrics=None, display=<pycaret.internal.display.display.CommonDisplay object at 0x7acf5b9a5840>, model_only=True, return_train_score=False, error_score=0.0, kwargs={})
2025-11-14 17:13:08,838:INFO:Checking exceptions
2025-11-14 17:13:08,838:INFO:Importing libraries
2025-11-14 17:13:08,838:INFO:Copying training dataset
2025-11-14 17:13:08,846:INFO:Defining folds
2025-11-14 17:13:08,846:INFO:Declaring metric variables
2025-11-14 17:13:08,851:INFO:Importing untrained model
2025-11-14 17:13:08,855:INFO:Elastic Net Imported successfully
2025-11-14 17:13:08,864:INFO:Starting cross validation
2025-11-14 17:13:08,865:INFO:Cross validating with KFold(n_splits=10, random_state=None, shuffle=False), n_jobs=-1
2025-11-14 17:13:09,009:INFO:Calculating mean and std
2025-11-14 17:13:09,010:INFO:Creating metrics dataframe
2025-11-14 17:13:09,012:INFO:Uploading results into container
2025-11-14 17:13:09,012:INFO:Uploading model into container now
2025-11-14 17:13:09,013:INFO:_master_model_container: 4
2025-11-14 17:13:09,013:INFO:_display_container: 2
2025-11-14 17:13:09,013:INFO:ElasticNet(random_state=123)
2025-11-14 17:13:09,013:INFO:create_model() successfully completed......................................
2025-11-14 17:13:09,187:INFO:SubProcess create_model() end ==================================
2025-11-14 17:13:09,187:INFO:Creating metrics dataframe
2025-11-14 17:13:09,195:INFO:Initializing Least Angle Regression
2025-11-14 17:13:09,195:INFO:Total runtime is 0.08927136659622192 minutes
2025-11-14 17:13:09,199:INFO:SubProcess create_model() called ==================================
2025-11-14 17:13:09,199:INFO:Initializing create_model()
2025-11-14 17:13:09,199:INFO:create_model(self=<pycaret.regression.oop.RegressionExperiment object at 0x7acf5b32fe50>, estimator=lar, fold=KFold(n_splits=10, random_state=None, shuffle=False), round=4, cross_validation=True, predict=True, fit_kwargs={}, groups=None, refit=False, probability_threshold=None, experiment_custom_tags=None, verbose=False, system=False, add_to_model_list=True, metrics=None, display=<pycaret.internal.display.display.CommonDisplay object at 0x7acf5b9a5840>, model_only=True, return_train_score=False, error_score=0.0, kwargs={})
2025-11-14 17:13:09,199:INFO:Checking exceptions
2025-11-14 17:13:09,199:INFO:Importing libraries
2025-11-14 17:13:09,199:INFO:Copying training dataset
2025-11-14 17:13:09,205:INFO:Defining folds
2025-11-14 17:13:09,205:INFO:Declaring metric variables
2025-11-14 17:13:09,210:INFO:Importing untrained model
2025-11-14 17:13:09,213:INFO:Least Angle Regression Imported successfully
2025-11-14 17:13:09,219:INFO:Starting cross validation
2025-11-14 17:13:09,220:INFO:Cross validating with KFold(n_splits=10, random_state=None, shuffle=False), n_jobs=-1
2025-11-14 17:13:09,330:INFO:Calculating mean and std
2025-11-14 17:13:09,331:INFO:Creating metrics dataframe
2025-11-14 17:13:09,334:INFO:Uploading results into container
2025-11-14 17:13:09,334:INFO:Uploading model into container now
2025-11-14 17:13:09,335:INFO:_master_model_container: 5
2025-11-14 17:13:09,335:INFO:_display_container: 2
2025-11-14 17:13:09,335:INFO:Lars(random_state=123)
2025-11-14 17:13:09,335:INFO:create_model() successfully completed......................................
2025-11-14 17:13:09,509:INFO:SubProcess create_model() end ==================================
2025-11-14 17:13:09,509:INFO:Creating metrics dataframe
2025-11-14 17:13:09,517:INFO:Initializing Lasso Least Angle Regression
2025-11-14 17:13:09,517:INFO:Total runtime is 0.09464678764343262 minutes
2025-11-14 17:13:09,520:INFO:SubProcess create_model() called ==================================
2025-11-14 17:13:09,520:INFO:Initializing create_model()
2025-11-14 17:13:09,520:INFO:create_model(self=<pycaret.regression.oop.RegressionExperiment object at 0x7acf5b32fe50>, estimator=llar, fold=KFold(n_splits=10, random_state=None, shuffle=False), round=4, cross_validation=True, predict=True, fit_kwargs={}, groups=None, refit=False, probability_threshold=None, experiment_custom_tags=None, verbose=False, system=False, add_to_model_list=True, metrics=None, display=<pycaret.internal.display.display.CommonDisplay object at 0x7acf5b9a5840>, model_only=True, return_train_score=False, error_score=0.0, kwargs={})
2025-11-14 17:13:09,521:INFO:Checking exceptions
2025-11-14 17:13:09,521:INFO:Importing libraries
2025-11-14 17:13:09,521:INFO:Copying training dataset
2025-11-14 17:13:09,525:INFO:Defining folds
2025-11-14 17:13:09,525:INFO:Declaring metric variables
2025-11-14 17:13:09,529:INFO:Importing untrained model
2025-11-14 17:13:09,533:INFO:Lasso Least Angle Regression Imported successfully
2025-11-14 17:13:09,539:INFO:Starting cross validation
2025-11-14 17:13:09,539:INFO:Cross validating with KFold(n_splits=10, random_state=None, shuffle=False), n_jobs=-1
2025-11-14 17:13:09,640:INFO:Calculating mean and std
2025-11-14 17:13:09,642:INFO:Creating metrics dataframe
2025-11-14 17:13:09,644:INFO:Uploading results into container
2025-11-14 17:13:09,644:INFO:Uploading model into container now
2025-11-14 17:13:09,645:INFO:_master_model_container: 6
2025-11-14 17:13:09,645:INFO:_display_container: 2
2025-11-14 17:13:09,645:INFO:LassoLars(random_state=123)
2025-11-14 17:13:09,645:INFO:create_model() successfully completed......................................
2025-11-14 17:13:09,819:INFO:SubProcess create_model() end ==================================
2025-11-14 17:13:09,820:INFO:Creating metrics dataframe
2025-11-14 17:13:09,827:INFO:Initializing Orthogonal Matching Pursuit
2025-11-14 17:13:09,827:INFO:Total runtime is 0.09981436729431153 minutes
2025-11-14 17:13:09,831:INFO:SubProcess create_model() called ==================================
2025-11-14 17:13:09,831:INFO:Initializing create_model()
2025-11-14 17:13:09,831:INFO:create_model(self=<pycaret.regression.oop.RegressionExperiment object at 0x7acf5b32fe50>, estimator=omp, fold=KFold(n_splits=10, random_state=None, shuffle=False), round=4, cross_validation=True, predict=True, fit_kwargs={}, groups=None, refit=False, probability_threshold=None, experiment_custom_tags=None, verbose=False, system=False, add_to_model_list=True, metrics=None, display=<pycaret.internal.display.display.CommonDisplay object at 0x7acf5b9a5840>, model_only=True, return_train_score=False, error_score=0.0, kwargs={})
2025-11-14 17:13:09,831:INFO:Checking exceptions
2025-11-14 17:13:09,831:INFO:Importing libraries
2025-11-14 17:13:09,831:INFO:Copying training dataset
2025-11-14 17:13:09,836:INFO:Defining folds
2025-11-14 17:13:09,836:INFO:Declaring metric variables
2025-11-14 17:13:09,841:INFO:Importing untrained model
2025-11-14 17:13:09,846:INFO:Orthogonal Matching Pursuit Imported successfully
2025-11-14 17:13:09,855:INFO:Starting cross validation
2025-11-14 17:13:09,856:INFO:Cross validating with KFold(n_splits=10, random_state=None, shuffle=False), n_jobs=-1
2025-11-14 17:13:09,946:INFO:Calculating mean and std
2025-11-14 17:13:09,948:INFO:Creating metrics dataframe
2025-11-14 17:13:09,949:INFO:Uploading results into container
2025-11-14 17:13:09,950:INFO:Uploading model into container now
2025-11-14 17:13:09,950:INFO:_master_model_container: 7
2025-11-14 17:13:09,950:INFO:_display_container: 2
2025-11-14 17:13:09,951:INFO:OrthogonalMatchingPursuit()
2025-11-14 17:13:09,951:INFO:create_model() successfully completed......................................
2025-11-14 17:13:10,125:INFO:SubProcess create_model() end ==================================
2025-11-14 17:13:10,125:INFO:Creating metrics dataframe
2025-11-14 17:13:10,133:INFO:Initializing Bayesian Ridge
2025-11-14 17:13:10,133:INFO:Total runtime is 0.10490879217783611 minutes
2025-11-14 17:13:10,136:INFO:SubProcess create_model() called ==================================
2025-11-14 17:13:10,136:INFO:Initializing create_model()
2025-11-14 17:13:10,136:INFO:create_model(self=<pycaret.regression.oop.RegressionExperiment object at 0x7acf5b32fe50>, estimator=br, fold=KFold(n_splits=10, random_state=None, shuffle=False), round=4, cross_validation=True, predict=True, fit_kwargs={}, groups=None, refit=False, probability_threshold=None, experiment_custom_tags=None, verbose=False, system=False, add_to_model_list=True, metrics=None, display=<pycaret.internal.display.display.CommonDisplay object at 0x7acf5b9a5840>, model_only=True, return_train_score=False, error_score=0.0, kwargs={})
2025-11-14 17:13:10,137:INFO:Checking exceptions
2025-11-14 17:13:10,137:INFO:Importing libraries
2025-11-14 17:13:10,137:INFO:Copying training dataset
2025-11-14 17:13:10,141:INFO:Defining folds
2025-11-14 17:13:10,141:INFO:Declaring metric variables
2025-11-14 17:13:10,145:INFO:Importing untrained model
2025-11-14 17:13:10,151:INFO:Bayesian Ridge Imported successfully
2025-11-14 17:13:10,161:INFO:Starting cross validation
2025-11-14 17:13:10,163:INFO:Cross validating with KFold(n_splits=10, random_state=None, shuffle=False), n_jobs=-1
2025-11-14 17:13:10,285:INFO:Calculating mean and std
2025-11-14 17:13:10,286:INFO:Creating metrics dataframe
2025-11-14 17:13:10,288:INFO:Uploading results into container
2025-11-14 17:13:10,289:INFO:Uploading model into container now
2025-11-14 17:13:10,289:INFO:_master_model_container: 8
2025-11-14 17:13:10,289:INFO:_display_container: 2
2025-11-14 17:13:10,289:INFO:BayesianRidge()
2025-11-14 17:13:10,289:INFO:create_model() successfully completed......................................
2025-11-14 17:13:10,461:INFO:SubProcess create_model() end ==================================
2025-11-14 17:13:10,461:INFO:Creating metrics dataframe
2025-11-14 17:13:10,470:INFO:Initializing Passive Aggressive Regressor
2025-11-14 17:13:10,470:INFO:Total runtime is 0.11051966349283855 minutes
2025-11-14 17:13:10,473:INFO:SubProcess create_model() called ==================================
2025-11-14 17:13:10,474:INFO:Initializing create_model()
2025-11-14 17:13:10,474:INFO:create_model(self=<pycaret.regression.oop.RegressionExperiment object at 0x7acf5b32fe50>, estimator=par, fold=KFold(n_splits=10, random_state=None, shuffle=False), round=4, cross_validation=True, predict=True, fit_kwargs={}, groups=None, refit=False, probability_threshold=None, experiment_custom_tags=None, verbose=False, system=False, add_to_model_list=True, metrics=None, display=<pycaret.internal.display.display.CommonDisplay object at 0x7acf5b9a5840>, model_only=True, return_train_score=False, error_score=0.0, kwargs={})
2025-11-14 17:13:10,474:INFO:Checking exceptions
2025-11-14 17:13:10,474:INFO:Importing libraries
2025-11-14 17:13:10,474:INFO:Copying training dataset
2025-11-14 17:13:10,480:INFO:Defining folds
2025-11-14 17:13:10,480:INFO:Declaring metric variables
2025-11-14 17:13:10,483:INFO:Importing untrained model
2025-11-14 17:13:10,486:INFO:Passive Aggressive Regressor Imported successfully
2025-11-14 17:13:10,492:INFO:Starting cross validation
2025-11-14 17:13:10,492:INFO:Cross validating with KFold(n_splits=10, random_state=None, shuffle=False), n_jobs=-1
2025-11-14 17:13:10,593:INFO:Calculating mean and std
2025-11-14 17:13:10,594:INFO:Creating metrics dataframe
2025-11-14 17:13:10,596:INFO:Uploading results into container
2025-11-14 17:13:10,596:INFO:Uploading model into container now
2025-11-14 17:13:10,597:INFO:_master_model_container: 9
2025-11-14 17:13:10,597:INFO:_display_container: 2
2025-11-14 17:13:10,597:INFO:PassiveAggressiveRegressor(random_state=123)
2025-11-14 17:13:10,597:INFO:create_model() successfully completed......................................
2025-11-14 17:13:10,770:INFO:SubProcess create_model() end ==================================
2025-11-14 17:13:10,770:INFO:Creating metrics dataframe
2025-11-14 17:13:10,778:INFO:Initializing Huber Regressor
2025-11-14 17:13:10,778:INFO:Total runtime is 0.1156589428583781 minutes
2025-11-14 17:13:10,782:INFO:SubProcess create_model() called ==================================
2025-11-14 17:13:10,783:INFO:Initializing create_model()
2025-11-14 17:13:10,783:INFO:create_model(self=<pycaret.regression.oop.RegressionExperiment object at 0x7acf5b32fe50>, estimator=huber, fold=KFold(n_splits=10, random_state=None, shuffle=False), round=4, cross_validation=True, predict=True, fit_kwargs={}, groups=None, refit=False, probability_threshold=None, experiment_custom_tags=None, verbose=False, system=False, add_to_model_list=True, metrics=None, display=<pycaret.internal.display.display.CommonDisplay object at 0x7acf5b9a5840>, model_only=True, return_train_score=False, error_score=0.0, kwargs={})
2025-11-14 17:13:10,783:INFO:Checking exceptions
2025-11-14 17:13:10,783:INFO:Importing libraries
2025-11-14 17:13:10,783:INFO:Copying training dataset
2025-11-14 17:13:10,791:INFO:Defining folds
2025-11-14 17:13:10,791:INFO:Declaring metric variables
2025-11-14 17:13:10,796:INFO:Importing untrained model
2025-11-14 17:13:10,800:INFO:Huber Regressor Imported successfully
2025-11-14 17:13:10,808:INFO:Starting cross validation
2025-11-14 17:13:10,809:INFO:Cross validating with KFold(n_splits=10, random_state=None, shuffle=False), n_jobs=-1
2025-11-14 17:13:10,877:WARNING:/media/aria/SSD/anaconda/envs/py310/lib/python3.10/site-packages/sklearn/linear_model/_huber.py:342: ConvergenceWarning: lbfgs failed to converge (status=1):
STOP: TOTAL NO. of ITERATIONS REACHED LIMIT.

Increase the number of iterations (max_iter) or scale the data as shown in:
    https://scikit-learn.org/stable/modules/preprocessing.html
  self.n_iter_ = _check_optimize_result("lbfgs", opt_res, self.max_iter)

2025-11-14 17:13:10,881:WARNING:/media/aria/SSD/anaconda/envs/py310/lib/python3.10/site-packages/sklearn/linear_model/_huber.py:342: ConvergenceWarning: lbfgs failed to converge (status=1):
STOP: TOTAL NO. of ITERATIONS REACHED LIMIT.

Increase the number of iterations (max_iter) or scale the data as shown in:
    https://scikit-learn.org/stable/modules/preprocessing.html
  self.n_iter_ = _check_optimize_result("lbfgs", opt_res, self.max_iter)

2025-11-14 17:13:10,887:WARNING:/media/aria/SSD/anaconda/envs/py310/lib/python3.10/site-packages/sklearn/linear_model/_huber.py:342: ConvergenceWarning: lbfgs failed to converge (status=1):
STOP: TOTAL NO. of ITERATIONS REACHED LIMIT.

Increase the number of iterations (max_iter) or scale the data as shown in:
    https://scikit-learn.org/stable/modules/preprocessing.html
  self.n_iter_ = _check_optimize_result("lbfgs", opt_res, self.max_iter)

2025-11-14 17:13:10,893:WARNING:/media/aria/SSD/anaconda/envs/py310/lib/python3.10/site-packages/sklearn/linear_model/_huber.py:342: ConvergenceWarning: lbfgs failed to converge (status=1):
STOP: TOTAL NO. of ITERATIONS REACHED LIMIT.

Increase the number of iterations (max_iter) or scale the data as shown in:
    https://scikit-learn.org/stable/modules/preprocessing.html
  self.n_iter_ = _check_optimize_result("lbfgs", opt_res, self.max_iter)

2025-11-14 17:13:10,902:WARNING:/media/aria/SSD/anaconda/envs/py310/lib/python3.10/site-packages/sklearn/linear_model/_huber.py:342: ConvergenceWarning: lbfgs failed to converge (status=1):
STOP: TOTAL NO. of ITERATIONS REACHED LIMIT.

Increase the number of iterations (max_iter) or scale the data as shown in:
    https://scikit-learn.org/stable/modules/preprocessing.html
  self.n_iter_ = _check_optimize_result("lbfgs", opt_res, self.max_iter)

2025-11-14 17:13:10,903:WARNING:/media/aria/SSD/anaconda/envs/py310/lib/python3.10/site-packages/sklearn/linear_model/_huber.py:342: ConvergenceWarning: lbfgs failed to converge (status=1):
STOP: TOTAL NO. of ITERATIONS REACHED LIMIT.

Increase the number of iterations (max_iter) or scale the data as shown in:
    https://scikit-learn.org/stable/modules/preprocessing.html
  self.n_iter_ = _check_optimize_result("lbfgs", opt_res, self.max_iter)

2025-11-14 17:13:10,921:WARNING:/media/aria/SSD/anaconda/envs/py310/lib/python3.10/site-packages/sklearn/linear_model/_huber.py:342: ConvergenceWarning: lbfgs failed to converge (status=1):
STOP: TOTAL NO. of ITERATIONS REACHED LIMIT.

Increase the number of iterations (max_iter) or scale the data as shown in:
    https://scikit-learn.org/stable/modules/preprocessing.html
  self.n_iter_ = _check_optimize_result("lbfgs", opt_res, self.max_iter)

2025-11-14 17:13:10,935:WARNING:/media/aria/SSD/anaconda/envs/py310/lib/python3.10/site-packages/sklearn/linear_model/_huber.py:342: ConvergenceWarning: lbfgs failed to converge (status=1):
STOP: TOTAL NO. of ITERATIONS REACHED LIMIT.

Increase the number of iterations (max_iter) or scale the data as shown in:
    https://scikit-learn.org/stable/modules/preprocessing.html
  self.n_iter_ = _check_optimize_result("lbfgs", opt_res, self.max_iter)

2025-11-14 17:13:10,942:WARNING:/media/aria/SSD/anaconda/envs/py310/lib/python3.10/site-packages/sklearn/linear_model/_huber.py:342: ConvergenceWarning: lbfgs failed to converge (status=1):
STOP: TOTAL NO. of ITERATIONS REACHED LIMIT.

Increase the number of iterations (max_iter) or scale the data as shown in:
    https://scikit-learn.org/stable/modules/preprocessing.html
  self.n_iter_ = _check_optimize_result("lbfgs", opt_res, self.max_iter)

2025-11-14 17:13:10,949:WARNING:/media/aria/SSD/anaconda/envs/py310/lib/python3.10/site-packages/sklearn/linear_model/_huber.py:342: ConvergenceWarning: lbfgs failed to converge (status=1):
STOP: TOTAL NO. of ITERATIONS REACHED LIMIT.

Increase the number of iterations (max_iter) or scale the data as shown in:
    https://scikit-learn.org/stable/modules/preprocessing.html
  self.n_iter_ = _check_optimize_result("lbfgs", opt_res, self.max_iter)

2025-11-14 17:13:10,965:INFO:Calculating mean and std
2025-11-14 17:13:10,966:INFO:Creating metrics dataframe
2025-11-14 17:13:10,968:INFO:Uploading results into container
2025-11-14 17:13:10,969:INFO:Uploading model into container now
2025-11-14 17:13:10,969:INFO:_master_model_container: 10
2025-11-14 17:13:10,969:INFO:_display_container: 2
2025-11-14 17:13:10,969:INFO:HuberRegressor()
2025-11-14 17:13:10,969:INFO:create_model() successfully completed......................................
2025-11-14 17:13:11,135:INFO:SubProcess create_model() end ==================================
2025-11-14 17:13:11,136:INFO:Creating metrics dataframe
2025-11-14 17:13:11,144:INFO:Initializing K Neighbors Regressor
2025-11-14 17:13:11,145:INFO:Total runtime is 0.12176711161931357 minutes
2025-11-14 17:13:11,149:INFO:SubProcess create_model() called ==================================
2025-11-14 17:13:11,149:INFO:Initializing create_model()
2025-11-14 17:13:11,150:INFO:create_model(self=<pycaret.regression.oop.RegressionExperiment object at 0x7acf5b32fe50>, estimator=knn, fold=KFold(n_splits=10, random_state=None, shuffle=False), round=4, cross_validation=True, predict=True, fit_kwargs={}, groups=None, refit=False, probability_threshold=None, experiment_custom_tags=None, verbose=False, system=False, add_to_model_list=True, metrics=None, display=<pycaret.internal.display.display.CommonDisplay object at 0x7acf5b9a5840>, model_only=True, return_train_score=False, error_score=0.0, kwargs={})
2025-11-14 17:13:11,150:INFO:Checking exceptions
2025-11-14 17:13:11,150:INFO:Importing libraries
2025-11-14 17:13:11,150:INFO:Copying training dataset
2025-11-14 17:13:11,155:INFO:Defining folds
2025-11-14 17:13:11,155:INFO:Declaring metric variables
2025-11-14 17:13:11,158:INFO:Importing untrained model
2025-11-14 17:13:11,162:INFO:K Neighbors Regressor Imported successfully
2025-11-14 17:13:11,167:INFO:Starting cross validation
2025-11-14 17:13:11,167:INFO:Cross validating with KFold(n_splits=10, random_state=None, shuffle=False), n_jobs=-1
2025-11-14 17:13:11,303:INFO:Calculating mean and std
2025-11-14 17:13:11,304:INFO:Creating metrics dataframe
2025-11-14 17:13:11,306:INFO:Uploading results into container
2025-11-14 17:13:11,307:INFO:Uploading model into container now
2025-11-14 17:13:11,307:INFO:_master_model_container: 11
2025-11-14 17:13:11,307:INFO:_display_container: 2
2025-11-14 17:13:11,307:INFO:KNeighborsRegressor(n_jobs=-1)
2025-11-14 17:13:11,307:INFO:create_model() successfully completed......................................
2025-11-14 17:13:11,479:INFO:SubProcess create_model() end ==================================
2025-11-14 17:13:11,479:INFO:Creating metrics dataframe
2025-11-14 17:13:11,488:INFO:Initializing Decision Tree Regressor
2025-11-14 17:13:11,488:INFO:Total runtime is 0.12748752037684125 minutes
2025-11-14 17:13:11,491:INFO:SubProcess create_model() called ==================================
2025-11-14 17:13:11,492:INFO:Initializing create_model()
2025-11-14 17:13:11,492:INFO:create_model(self=<pycaret.regression.oop.RegressionExperiment object at 0x7acf5b32fe50>, estimator=dt, fold=KFold(n_splits=10, random_state=None, shuffle=False), round=4, cross_validation=True, predict=True, fit_kwargs={}, groups=None, refit=False, probability_threshold=None, experiment_custom_tags=None, verbose=False, system=False, add_to_model_list=True, metrics=None, display=<pycaret.internal.display.display.CommonDisplay object at 0x7acf5b9a5840>, model_only=True, return_train_score=False, error_score=0.0, kwargs={})
2025-11-14 17:13:11,492:INFO:Checking exceptions
2025-11-14 17:13:11,492:INFO:Importing libraries
2025-11-14 17:13:11,492:INFO:Copying training dataset
2025-11-14 17:13:11,496:INFO:Defining folds
2025-11-14 17:13:11,496:INFO:Declaring metric variables
2025-11-14 17:13:11,500:INFO:Importing untrained model
2025-11-14 17:13:11,504:INFO:Decision Tree Regressor Imported successfully
2025-11-14 17:13:11,509:INFO:Starting cross validation
2025-11-14 17:13:11,510:INFO:Cross validating with KFold(n_splits=10, random_state=None, shuffle=False), n_jobs=-1
2025-11-14 17:13:11,599:INFO:Calculating mean and std
2025-11-14 17:13:11,600:INFO:Creating metrics dataframe
2025-11-14 17:13:11,602:INFO:Uploading results into container
2025-11-14 17:13:11,603:INFO:Uploading model into container now
2025-11-14 17:13:11,603:INFO:_master_model_container: 12
2025-11-14 17:13:11,603:INFO:_display_container: 2
2025-11-14 17:13:11,604:INFO:DecisionTreeRegressor(random_state=123)
2025-11-14 17:13:11,604:INFO:create_model() successfully completed......................................
2025-11-14 17:13:11,779:INFO:SubProcess create_model() end ==================================
2025-11-14 17:13:11,779:INFO:Creating metrics dataframe
2025-11-14 17:13:11,788:INFO:Initializing Random Forest Regressor
2025-11-14 17:13:11,788:INFO:Total runtime is 0.13249474366505942 minutes
2025-11-14 17:13:11,792:INFO:SubProcess create_model() called ==================================
2025-11-14 17:13:11,792:INFO:Initializing create_model()
2025-11-14 17:13:11,792:INFO:create_model(self=<pycaret.regression.oop.RegressionExperiment object at 0x7acf5b32fe50>, estimator=rf, fold=KFold(n_splits=10, random_state=None, shuffle=False), round=4, cross_validation=True, predict=True, fit_kwargs={}, groups=None, refit=False, probability_threshold=None, experiment_custom_tags=None, verbose=False, system=False, add_to_model_list=True, metrics=None, display=<pycaret.internal.display.display.CommonDisplay object at 0x7acf5b9a5840>, model_only=True, return_train_score=False, error_score=0.0, kwargs={})
2025-11-14 17:13:11,793:INFO:Checking exceptions
2025-11-14 17:13:11,793:INFO:Importing libraries
2025-11-14 17:13:11,793:INFO:Copying training dataset
2025-11-14 17:13:11,798:INFO:Defining folds
2025-11-14 17:13:11,798:INFO:Declaring metric variables
2025-11-14 17:13:11,801:INFO:Importing untrained model
2025-11-14 17:13:11,805:INFO:Random Forest Regressor Imported successfully
2025-11-14 17:13:11,813:INFO:Starting cross validation
2025-11-14 17:13:11,815:INFO:Cross validating with KFold(n_splits=10, random_state=None, shuffle=False), n_jobs=-1
2025-11-14 17:13:12,497:INFO:Calculating mean and std
2025-11-14 17:13:12,499:INFO:Creating metrics dataframe
2025-11-14 17:13:12,502:INFO:Uploading results into container
2025-11-14 17:13:12,503:INFO:Uploading model into container now
2025-11-14 17:13:12,504:INFO:_master_model_container: 13
2025-11-14 17:13:12,504:INFO:_display_container: 2
2025-11-14 17:13:12,505:INFO:RandomForestRegressor(n_jobs=-1, random_state=123)
2025-11-14 17:13:12,505:INFO:create_model() successfully completed......................................
2025-11-14 17:13:12,685:INFO:SubProcess create_model() end ==================================
2025-11-14 17:13:12,685:INFO:Creating metrics dataframe
2025-11-14 17:13:12,694:INFO:Initializing Extra Trees Regressor
2025-11-14 17:13:12,694:INFO:Total runtime is 0.1475906848907471 minutes
2025-11-14 17:13:12,697:INFO:SubProcess create_model() called ==================================
2025-11-14 17:13:12,697:INFO:Initializing create_model()
2025-11-14 17:13:12,697:INFO:create_model(self=<pycaret.regression.oop.RegressionExperiment object at 0x7acf5b32fe50>, estimator=et, fold=KFold(n_splits=10, random_state=None, shuffle=False), round=4, cross_validation=True, predict=True, fit_kwargs={}, groups=None, refit=False, probability_threshold=None, experiment_custom_tags=None, verbose=False, system=False, add_to_model_list=True, metrics=None, display=<pycaret.internal.display.display.CommonDisplay object at 0x7acf5b9a5840>, model_only=True, return_train_score=False, error_score=0.0, kwargs={})
2025-11-14 17:13:12,697:INFO:Checking exceptions
2025-11-14 17:13:12,697:INFO:Importing libraries
2025-11-14 17:13:12,697:INFO:Copying training dataset
2025-11-14 17:13:12,703:INFO:Defining folds
2025-11-14 17:13:12,703:INFO:Declaring metric variables
2025-11-14 17:13:12,708:INFO:Importing untrained model
2025-11-14 17:13:12,712:INFO:Extra Trees Regressor Imported successfully
2025-11-14 17:13:12,719:INFO:Starting cross validation
2025-11-14 17:13:12,720:INFO:Cross validating with KFold(n_splits=10, random_state=None, shuffle=False), n_jobs=-1
2025-11-14 17:13:13,223:INFO:Calculating mean and std
2025-11-14 17:13:13,225:INFO:Creating metrics dataframe
2025-11-14 17:13:13,230:INFO:Uploading results into container
2025-11-14 17:13:13,231:INFO:Uploading model into container now
2025-11-14 17:13:13,231:INFO:_master_model_container: 14
2025-11-14 17:13:13,232:INFO:_display_container: 2
2025-11-14 17:13:13,232:INFO:ExtraTreesRegressor(n_jobs=-1, random_state=123)
2025-11-14 17:13:13,233:INFO:create_model() successfully completed......................................
2025-11-14 17:13:13,429:INFO:SubProcess create_model() end ==================================
2025-11-14 17:13:13,429:INFO:Creating metrics dataframe
2025-11-14 17:13:13,439:INFO:Initializing AdaBoost Regressor
2025-11-14 17:13:13,439:INFO:Total runtime is 0.16001081466674807 minutes
2025-11-14 17:13:13,443:INFO:SubProcess create_model() called ==================================
2025-11-14 17:13:13,443:INFO:Initializing create_model()
2025-11-14 17:13:13,443:INFO:create_model(self=<pycaret.regression.oop.RegressionExperiment object at 0x7acf5b32fe50>, estimator=ada, fold=KFold(n_splits=10, random_state=None, shuffle=False), round=4, cross_validation=True, predict=True, fit_kwargs={}, groups=None, refit=False, probability_threshold=None, experiment_custom_tags=None, verbose=False, system=False, add_to_model_list=True, metrics=None, display=<pycaret.internal.display.display.CommonDisplay object at 0x7acf5b9a5840>, model_only=True, return_train_score=False, error_score=0.0, kwargs={})
2025-11-14 17:13:13,443:INFO:Checking exceptions
2025-11-14 17:13:13,443:INFO:Importing libraries
2025-11-14 17:13:13,443:INFO:Copying training dataset
2025-11-14 17:13:13,451:INFO:Defining folds
2025-11-14 17:13:13,451:INFO:Declaring metric variables
2025-11-14 17:13:13,456:INFO:Importing untrained model
2025-11-14 17:13:13,461:INFO:AdaBoost Regressor Imported successfully
2025-11-14 17:13:13,470:INFO:Starting cross validation
2025-11-14 17:13:13,471:INFO:Cross validating with KFold(n_splits=10, random_state=None, shuffle=False), n_jobs=-1
2025-11-14 17:13:13,796:INFO:Calculating mean and std
2025-11-14 17:13:13,798:INFO:Creating metrics dataframe
2025-11-14 17:13:13,801:INFO:Uploading results into container
2025-11-14 17:13:13,802:INFO:Uploading model into container now
2025-11-14 17:13:13,802:INFO:_master_model_container: 15
2025-11-14 17:13:13,802:INFO:_display_container: 2
2025-11-14 17:13:13,803:INFO:AdaBoostRegressor(random_state=123)
2025-11-14 17:13:13,803:INFO:create_model() successfully completed......................................
2025-11-14 17:13:13,977:INFO:SubProcess create_model() end ==================================
2025-11-14 17:13:13,977:INFO:Creating metrics dataframe
2025-11-14 17:13:13,986:INFO:Initializing Gradient Boosting Regressor
2025-11-14 17:13:13,986:INFO:Total runtime is 0.16912419001261397 minutes
2025-11-14 17:13:13,989:INFO:SubProcess create_model() called ==================================
2025-11-14 17:13:13,989:INFO:Initializing create_model()
2025-11-14 17:13:13,989:INFO:create_model(self=<pycaret.regression.oop.RegressionExperiment object at 0x7acf5b32fe50>, estimator=gbr, fold=KFold(n_splits=10, random_state=None, shuffle=False), round=4, cross_validation=True, predict=True, fit_kwargs={}, groups=None, refit=False, probability_threshold=None, experiment_custom_tags=None, verbose=False, system=False, add_to_model_list=True, metrics=None, display=<pycaret.internal.display.display.CommonDisplay object at 0x7acf5b9a5840>, model_only=True, return_train_score=False, error_score=0.0, kwargs={})
2025-11-14 17:13:13,989:INFO:Checking exceptions
2025-11-14 17:13:13,989:INFO:Importing libraries
2025-11-14 17:13:13,989:INFO:Copying training dataset
2025-11-14 17:13:13,994:INFO:Defining folds
2025-11-14 17:13:13,994:INFO:Declaring metric variables
2025-11-14 17:13:13,998:INFO:Importing untrained model
2025-11-14 17:13:14,002:INFO:Gradient Boosting Regressor Imported successfully
2025-11-14 17:13:14,008:INFO:Starting cross validation
2025-11-14 17:13:14,009:INFO:Cross validating with KFold(n_splits=10, random_state=None, shuffle=False), n_jobs=-1
2025-11-14 17:13:14,440:INFO:Calculating mean and std
2025-11-14 17:13:14,441:INFO:Creating metrics dataframe
2025-11-14 17:13:14,443:INFO:Uploading results into container
2025-11-14 17:13:14,444:INFO:Uploading model into container now
2025-11-14 17:13:14,444:INFO:_master_model_container: 16
2025-11-14 17:13:14,444:INFO:_display_container: 2
2025-11-14 17:13:14,445:INFO:GradientBoostingRegressor(random_state=123)
2025-11-14 17:13:14,445:INFO:create_model() successfully completed......................................
2025-11-14 17:13:14,606:INFO:SubProcess create_model() end ==================================
2025-11-14 17:13:14,606:INFO:Creating metrics dataframe
2025-11-14 17:13:14,616:INFO:Initializing Extreme Gradient Boosting
2025-11-14 17:13:14,616:INFO:Total runtime is 0.1796194156010946 minutes
2025-11-14 17:13:14,619:INFO:SubProcess create_model() called ==================================
2025-11-14 17:13:14,619:INFO:Initializing create_model()
2025-11-14 17:13:14,619:INFO:create_model(self=<pycaret.regression.oop.RegressionExperiment object at 0x7acf5b32fe50>, estimator=xgboost, fold=KFold(n_splits=10, random_state=None, shuffle=False), round=4, cross_validation=True, predict=True, fit_kwargs={}, groups=None, refit=False, probability_threshold=None, experiment_custom_tags=None, verbose=False, system=False, add_to_model_list=True, metrics=None, display=<pycaret.internal.display.display.CommonDisplay object at 0x7acf5b9a5840>, model_only=True, return_train_score=False, error_score=0.0, kwargs={})
2025-11-14 17:13:14,619:INFO:Checking exceptions
2025-11-14 17:13:14,619:INFO:Importing libraries
2025-11-14 17:13:14,619:INFO:Copying training dataset
2025-11-14 17:13:14,624:INFO:Defining folds
2025-11-14 17:13:14,624:INFO:Declaring metric variables
2025-11-14 17:13:14,628:INFO:Importing untrained model
2025-11-14 17:13:14,631:INFO:Extreme Gradient Boosting Imported successfully
2025-11-14 17:13:14,637:INFO:Starting cross validation
2025-11-14 17:13:14,638:INFO:Cross validating with KFold(n_splits=10, random_state=None, shuffle=False), n_jobs=-1
2025-11-14 17:13:15,099:INFO:Calculating mean and std
2025-11-14 17:13:15,100:INFO:Creating metrics dataframe
2025-11-14 17:13:15,102:INFO:Uploading results into container
2025-11-14 17:13:15,103:INFO:Uploading model into container now
2025-11-14 17:13:15,103:INFO:_master_model_container: 17
2025-11-14 17:13:15,103:INFO:_display_container: 2
2025-11-14 17:13:15,104:INFO:XGBRegressor(base_score=None, booster='gbtree', callbacks=None,
             colsample_bylevel=None, colsample_bynode=None,
             colsample_bytree=None, device='cpu', early_stopping_rounds=None,
             enable_categorical=False, eval_metric=None, feature_types=None,
             feature_weights=None, gamma=None, grow_policy=None,
             importance_type=None, interaction_constraints=None,
             learning_rate=None, max_bin=None, max_cat_threshold=None,
             max_cat_to_onehot=None, max_delta_step=None, max_depth=None,
             max_leaves=None, min_child_weight=None, missing=nan,
             monotone_constraints=None, multi_strategy=None, n_estimators=None,
             n_jobs=-1, num_parallel_tree=None, ...)
2025-11-14 17:13:15,104:INFO:create_model() successfully completed......................................
2025-11-14 17:13:15,294:INFO:SubProcess create_model() end ==================================
2025-11-14 17:13:15,294:INFO:Creating metrics dataframe
2025-11-14 17:13:15,307:INFO:Initializing Light Gradient Boosting Machine
2025-11-14 17:13:15,307:INFO:Total runtime is 0.19114093383153283 minutes
2025-11-14 17:13:15,310:INFO:SubProcess create_model() called ==================================
2025-11-14 17:13:15,311:INFO:Initializing create_model()
2025-11-14 17:13:15,311:INFO:create_model(self=<pycaret.regression.oop.RegressionExperiment object at 0x7acf5b32fe50>, estimator=lightgbm, fold=KFold(n_splits=10, random_state=None, shuffle=False), round=4, cross_validation=True, predict=True, fit_kwargs={}, groups=None, refit=False, probability_threshold=None, experiment_custom_tags=None, verbose=False, system=False, add_to_model_list=True, metrics=None, display=<pycaret.internal.display.display.CommonDisplay object at 0x7acf5b9a5840>, model_only=True, return_train_score=False, error_score=0.0, kwargs={})
2025-11-14 17:13:15,311:INFO:Checking exceptions
2025-11-14 17:13:15,311:INFO:Importing libraries
2025-11-14 17:13:15,311:INFO:Copying training dataset
2025-11-14 17:13:15,316:INFO:Defining folds
2025-11-14 17:13:15,316:INFO:Declaring metric variables
2025-11-14 17:13:15,320:INFO:Importing untrained model
2025-11-14 17:13:15,325:INFO:Light Gradient Boosting Machine Imported successfully
2025-11-14 17:13:15,330:INFO:Starting cross validation
2025-11-14 17:13:15,331:INFO:Cross validating with KFold(n_splits=10, random_state=None, shuffle=False), n_jobs=-1
2025-11-14 17:15:42,350:WARNING:
'cuml' is a soft dependency and not included in the pycaret installation. Please run: `pip install cuml` to install.
2025-11-14 17:15:42,350:WARNING:
'cuml' is a soft dependency and not included in the pycaret installation. Please run: `pip install cuml` to install.
2025-11-14 17:15:42,350:WARNING:
'cuml' is a soft dependency and not included in the pycaret installation. Please run: `pip install cuml` to install.
2025-11-14 17:15:42,350:WARNING:
'cuml' is a soft dependency and not included in the pycaret installation. Please run: `pip install cuml` to install.
2025-11-14 17:15:48,097:INFO:PyCaret RegressionExperiment
2025-11-14 17:15:48,097:INFO:Logging name: reg-default-name
2025-11-14 17:15:48,097:INFO:ML Usecase: MLUsecase.REGRESSION
2025-11-14 17:15:48,097:INFO:version 3.3.2
2025-11-14 17:15:48,097:INFO:Initializing setup()
2025-11-14 17:15:48,097:INFO:self.USI: 656f
2025-11-14 17:15:48,097:INFO:self._variable_keys: {'X_test', 'fold_generator', 'fold_shuffle_param', 'html_param', 'fold_groups_param', 'idx', 'logging_param', 'y_train', 'y', 'pipeline', 'n_jobs_param', 'target_param', 'exp_name_log', 'USI', 'X', 'transform_target_param', 'exp_id', '_ml_usecase', 'log_plots_param', 'y_test', '_available_plots', 'data', 'gpu_param', 'X_train', 'seed', 'gpu_n_jobs_param', 'memory'}
2025-11-14 17:15:48,097:INFO:Checking environment
2025-11-14 17:15:48,097:INFO:python_version: 3.10.19
2025-11-14 17:15:48,098:INFO:python_build: ('main', 'Oct 21 2025 16:43:05')
2025-11-14 17:15:48,098:INFO:machine: x86_64
2025-11-14 17:15:48,098:INFO:platform: Linux-6.14.0-35-generic-x86_64-with-glibc2.41
2025-11-14 17:15:48,098:INFO:Memory: svmem(total=40664567808, available=20987891712, percent=48.4, used=19079716864, free=2224087040, active=17906364416, inactive=16575991808, buffers=864550912, cached=18496212992, shared=2055020544, slab=1993801728)
2025-11-14 17:15:48,099:INFO:Physical Core: 4
2025-11-14 17:15:48,099:INFO:Logical Core: 8
2025-11-14 17:15:48,099:INFO:Checking libraries
2025-11-14 17:15:48,099:INFO:System:
2025-11-14 17:15:48,100:INFO:    python: 3.10.19 (main, Oct 21 2025, 16:43:05) [GCC 11.2.0]
2025-11-14 17:15:48,100:INFO:executable: /media/aria/SSD/anaconda/envs/py310/bin/python
2025-11-14 17:15:48,100:INFO:   machine: Linux-6.14.0-35-generic-x86_64-with-glibc2.41
2025-11-14 17:15:48,100:INFO:PyCaret required dependencies:
2025-11-14 17:15:48,533:INFO:                 pip: 25.2
2025-11-14 17:15:48,533:INFO:          setuptools: 80.9.0
2025-11-14 17:15:48,533:INFO:             pycaret: 3.3.2
2025-11-14 17:15:48,533:INFO:             IPython: 8.30.0
2025-11-14 17:15:48,533:INFO:          ipywidgets: 8.1.7
2025-11-14 17:15:48,534:INFO:                tqdm: 4.67.1
2025-11-14 17:15:48,534:INFO:               numpy: 1.26.4
2025-11-14 17:15:48,534:INFO:              pandas: 2.1.4
2025-11-14 17:15:48,534:INFO:              jinja2: 3.1.6
2025-11-14 17:15:48,534:INFO:               scipy: 1.11.4
2025-11-14 17:15:48,534:INFO:              joblib: 1.3.2
2025-11-14 17:15:48,534:INFO:             sklearn: 1.4.2
2025-11-14 17:15:48,534:INFO:                pyod: 2.0.5
2025-11-14 17:15:48,534:INFO:            imblearn: 0.14.0
2025-11-14 17:15:48,534:INFO:   category_encoders: 2.7.0
2025-11-14 17:15:48,534:INFO:            lightgbm: 4.6.0
2025-11-14 17:15:48,534:INFO:               numba: 0.61.0
2025-11-14 17:15:48,534:INFO:            requests: 2.32.5
2025-11-14 17:15:48,534:INFO:          matplotlib: 3.7.5
2025-11-14 17:15:48,534:INFO:          scikitplot: 0.3.7
2025-11-14 17:15:48,534:INFO:         yellowbrick: 1.5
2025-11-14 17:15:48,534:INFO:              plotly: 5.24.1
2025-11-14 17:15:48,534:INFO:    plotly-resampler: Not installed
2025-11-14 17:15:48,534:INFO:             kaleido: 1.2.0
2025-11-14 17:15:48,534:INFO:           schemdraw: 0.15
2025-11-14 17:15:48,534:INFO:         statsmodels: 0.14.5
2025-11-14 17:15:48,534:INFO:              sktime: 0.26.0
2025-11-14 17:15:48,534:INFO:               tbats: 1.1.3
2025-11-14 17:15:48,534:INFO:            pmdarima: 2.0.4
2025-11-14 17:15:48,534:INFO:              psutil: 7.0.0
2025-11-14 17:15:48,534:INFO:          markupsafe: 3.0.2
2025-11-14 17:15:48,534:INFO:             pickle5: Not installed
2025-11-14 17:15:48,534:INFO:         cloudpickle: 3.1.2
2025-11-14 17:15:48,534:INFO:         deprecation: 2.1.0
2025-11-14 17:15:48,534:INFO:              xxhash: 3.6.0
2025-11-14 17:15:48,534:INFO:           wurlitzer: 3.1.1
2025-11-14 17:15:48,534:INFO:PyCaret optional dependencies:
2025-11-14 17:15:51,013:INFO:                shap: 0.44.1
2025-11-14 17:15:51,013:INFO:           interpret: 0.7.3
2025-11-14 17:15:51,013:INFO:                umap: 0.5.7
2025-11-14 17:15:51,013:INFO:     ydata_profiling: 4.17.0
2025-11-14 17:15:51,013:INFO:  explainerdashboard: 0.5.1
2025-11-14 17:15:51,013:INFO:             autoviz: Not installed
2025-11-14 17:15:51,013:INFO:           fairlearn: 0.7.0
2025-11-14 17:15:51,013:INFO:          deepchecks: Not installed
2025-11-14 17:15:51,013:INFO:             xgboost: 3.1.1
2025-11-14 17:15:51,013:INFO:            catboost: 1.2.8
2025-11-14 17:15:51,013:INFO:              kmodes: 0.12.2
2025-11-14 17:15:51,013:INFO:             mlxtend: 0.23.4
2025-11-14 17:15:51,013:INFO:       statsforecast: 1.5.0
2025-11-14 17:15:51,013:INFO:        tune_sklearn: 0.5.0
2025-11-14 17:15:51,013:INFO:                 ray: 2.51.1
2025-11-14 17:15:51,013:INFO:            hyperopt: 0.2.7
2025-11-14 17:15:51,013:INFO:              optuna: 4.6.0
2025-11-14 17:15:51,013:INFO:               skopt: 0.10.2
2025-11-14 17:15:51,013:INFO:              mlflow: 3.6.0
2025-11-14 17:15:51,013:INFO:              gradio: 6.0.0-dev.1
2025-11-14 17:15:51,013:INFO:             fastapi: 0.121.2
2025-11-14 17:15:51,014:INFO:             uvicorn: 0.38.0
2025-11-14 17:15:51,014:INFO:              m2cgen: 0.10.0
2025-11-14 17:15:51,014:INFO:           evidently: 0.4.40
2025-11-14 17:15:51,014:INFO:               fugue: 0.8.7
2025-11-14 17:15:51,014:INFO:           streamlit: Not installed
2025-11-14 17:15:51,014:INFO:             prophet: Not installed
2025-11-14 17:15:51,014:INFO:None
2025-11-14 17:15:51,014:INFO:Set up data.
2025-11-14 17:15:51,019:INFO:Set up folding strategy.
2025-11-14 17:15:51,019:INFO:Set up train/test split.
2025-11-14 17:15:51,022:INFO:Set up index.
2025-11-14 17:15:51,023:INFO:Assigning column types.
2025-11-14 17:15:51,026:INFO:Engine successfully changes for model 'lr' to 'sklearn'.
2025-11-14 17:15:51,026:INFO:Engine for model 'lasso' has not been set explicitly, hence returning None.
2025-11-14 17:15:51,030:INFO:Engine for model 'ridge' has not been set explicitly, hence returning None.
2025-11-14 17:15:51,035:INFO:Engine for model 'en' has not been set explicitly, hence returning None.
2025-11-14 17:15:51,100:INFO:Engine for model 'svm' has not been set explicitly, hence returning None.
2025-11-14 17:15:51,136:INFO:Engine for model 'knn' has not been set explicitly, hence returning None.
2025-11-14 17:15:51,137:INFO:Soft dependency imported: xgboost: 3.1.1
2025-11-14 17:15:51,139:INFO:Soft dependency imported: catboost: 1.2.8
2025-11-14 17:15:51,153:INFO:Engine for model 'lasso' has not been set explicitly, hence returning None.
2025-11-14 17:15:51,157:INFO:Engine for model 'ridge' has not been set explicitly, hence returning None.
2025-11-14 17:15:51,161:INFO:Engine for model 'en' has not been set explicitly, hence returning None.
2025-11-14 17:15:51,212:INFO:Engine for model 'svm' has not been set explicitly, hence returning None.
2025-11-14 17:15:51,249:INFO:Engine for model 'knn' has not been set explicitly, hence returning None.
2025-11-14 17:15:51,250:INFO:Soft dependency imported: xgboost: 3.1.1
2025-11-14 17:15:51,252:INFO:Soft dependency imported: catboost: 1.2.8
2025-11-14 17:15:51,252:INFO:Engine successfully changes for model 'lasso' to 'sklearn'.
2025-11-14 17:15:51,256:INFO:Engine for model 'ridge' has not been set explicitly, hence returning None.
2025-11-14 17:15:51,260:INFO:Engine for model 'en' has not been set explicitly, hence returning None.
2025-11-14 17:15:51,307:INFO:Engine for model 'svm' has not been set explicitly, hence returning None.
2025-11-14 17:15:51,344:INFO:Engine for model 'knn' has not been set explicitly, hence returning None.
2025-11-14 17:15:51,344:INFO:Soft dependency imported: xgboost: 3.1.1
2025-11-14 17:15:51,346:INFO:Soft dependency imported: catboost: 1.2.8
2025-11-14 17:15:51,351:INFO:Engine for model 'ridge' has not been set explicitly, hence returning None.
2025-11-14 17:15:51,355:INFO:Engine for model 'en' has not been set explicitly, hence returning None.
2025-11-14 17:15:51,402:INFO:Engine for model 'svm' has not been set explicitly, hence returning None.
2025-11-14 17:15:51,438:INFO:Engine for model 'knn' has not been set explicitly, hence returning None.
2025-11-14 17:15:51,439:INFO:Soft dependency imported: xgboost: 3.1.1
2025-11-14 17:15:51,441:INFO:Soft dependency imported: catboost: 1.2.8
2025-11-14 17:15:51,441:INFO:Engine successfully changes for model 'ridge' to 'sklearn'.
2025-11-14 17:15:51,449:INFO:Engine for model 'en' has not been set explicitly, hence returning None.
2025-11-14 17:15:51,496:INFO:Engine for model 'svm' has not been set explicitly, hence returning None.
2025-11-14 17:15:51,533:INFO:Engine for model 'knn' has not been set explicitly, hence returning None.
2025-11-14 17:15:51,534:INFO:Soft dependency imported: xgboost: 3.1.1
2025-11-14 17:15:51,536:INFO:Soft dependency imported: catboost: 1.2.8
2025-11-14 17:15:51,544:INFO:Engine for model 'en' has not been set explicitly, hence returning None.
2025-11-14 17:15:51,591:INFO:Engine for model 'svm' has not been set explicitly, hence returning None.
2025-11-14 17:15:51,628:INFO:Engine for model 'knn' has not been set explicitly, hence returning None.
2025-11-14 17:15:51,628:INFO:Soft dependency imported: xgboost: 3.1.1
2025-11-14 17:15:51,630:INFO:Soft dependency imported: catboost: 1.2.8
2025-11-14 17:15:51,631:INFO:Engine successfully changes for model 'en' to 'sklearn'.
2025-11-14 17:15:51,689:INFO:Engine for model 'svm' has not been set explicitly, hence returning None.
2025-11-14 17:15:51,728:INFO:Engine for model 'knn' has not been set explicitly, hence returning None.
2025-11-14 17:15:51,729:INFO:Soft dependency imported: xgboost: 3.1.1
2025-11-14 17:15:51,731:INFO:Soft dependency imported: catboost: 1.2.8
2025-11-14 17:15:51,793:INFO:Engine for model 'svm' has not been set explicitly, hence returning None.
2025-11-14 17:15:51,832:INFO:Engine for model 'knn' has not been set explicitly, hence returning None.
2025-11-14 17:15:51,832:INFO:Soft dependency imported: xgboost: 3.1.1
2025-11-14 17:15:51,835:INFO:Soft dependency imported: catboost: 1.2.8
2025-11-14 17:15:51,835:INFO:Engine successfully changes for model 'knn' to 'sklearn'.
2025-11-14 17:15:51,893:INFO:Engine for model 'svm' has not been set explicitly, hence returning None.
2025-11-14 17:15:51,933:INFO:Soft dependency imported: xgboost: 3.1.1
2025-11-14 17:15:51,935:INFO:Soft dependency imported: catboost: 1.2.8
2025-11-14 17:15:51,991:INFO:Engine for model 'svm' has not been set explicitly, hence returning None.
2025-11-14 17:15:52,027:INFO:Soft dependency imported: xgboost: 3.1.1
2025-11-14 17:15:52,030:INFO:Soft dependency imported: catboost: 1.2.8
2025-11-14 17:15:52,030:INFO:Engine successfully changes for model 'svm' to 'sklearn'.
2025-11-14 17:15:52,124:INFO:Soft dependency imported: xgboost: 3.1.1
2025-11-14 17:15:52,127:INFO:Soft dependency imported: catboost: 1.2.8
2025-11-14 17:15:52,221:INFO:Soft dependency imported: xgboost: 3.1.1
2025-11-14 17:15:52,224:INFO:Soft dependency imported: catboost: 1.2.8
2025-11-14 17:15:52,225:INFO:Preparing preprocessing pipeline...
2025-11-14 17:15:52,225:INFO:Set up simple imputation.
2025-11-14 17:15:52,242:INFO:Finished creating preprocessing pipeline.
2025-11-14 17:15:52,246:INFO:Pipeline: Pipeline(memory=FastMemory(location=/tmp/joblib),
         steps=[('numerical_imputer',
                 TransformerWrapper(include=['crim', 'zn', 'indus', 'chas',
                                             'nox', 'rm', 'age', 'dis', 'rad',
                                             'tax', 'ptratio', 'black',
                                             'lstat'],
                                    transformer=SimpleImputer())),
                ('categorical_imputer',
                 TransformerWrapper(include=[],
                                    transformer=SimpleImputer(strategy='most_frequent')))])
2025-11-14 17:15:52,246:INFO:Creating final display dataframe.
2025-11-14 17:15:52,297:INFO:Setup _display_container:                     Description             Value
0                    Session id               123
1                        Target              medv
2                   Target type        Regression
3           Original data shape         (506, 14)
4        Transformed data shape         (506, 14)
5   Transformed train set shape         (354, 14)
6    Transformed test set shape         (152, 14)
7              Numeric features                13
8                    Preprocess              True
9               Imputation type            simple
10           Numeric imputation              mean
11       Categorical imputation              mode
12               Fold Generator             KFold
13                  Fold Number                10
14                     CPU Jobs                -1
15                      Use GPU             False
16               Log Experiment             False
17              Experiment Name  reg-default-name
18                          USI              656f
2025-11-14 17:15:52,398:INFO:Soft dependency imported: xgboost: 3.1.1
2025-11-14 17:15:52,401:INFO:Soft dependency imported: catboost: 1.2.8
2025-11-14 17:15:52,493:INFO:Soft dependency imported: xgboost: 3.1.1
2025-11-14 17:15:52,496:INFO:Soft dependency imported: catboost: 1.2.8
2025-11-14 17:15:52,496:INFO:setup() successfully completed in 4.4s...............
2025-11-14 17:15:55,077:INFO:Initializing compare_models()
2025-11-14 17:15:55,077:INFO:compare_models(self=<pycaret.regression.oop.RegressionExperiment object at 0x7a75f850a530>, include=None, fold=None, round=4, cross_validation=True, sort=R2, n_select=1, budget_time=None, turbo=True, errors=ignore, fit_kwargs=None, groups=None, experiment_custom_tags=None, probability_threshold=None, verbose=True, parallel=None, caller_params={'self': <pycaret.regression.oop.RegressionExperiment object at 0x7a75f850a530>, 'include': None, 'exclude': None, 'fold': None, 'round': 4, 'cross_validation': True, 'sort': 'R2', 'n_select': 1, 'budget_time': None, 'turbo': True, 'errors': 'ignore', 'fit_kwargs': None, 'groups': None, 'experiment_custom_tags': None, 'engine': None, 'verbose': True, 'parallel': None, '__class__': <class 'pycaret.regression.oop.RegressionExperiment'>}, exclude=None)
2025-11-14 17:15:55,077:INFO:Checking exceptions
2025-11-14 17:15:55,080:INFO:Preparing display monitor
2025-11-14 17:15:55,102:INFO:Initializing Linear Regression
2025-11-14 17:15:55,102:INFO:Total runtime is 3.631909688313802e-06 minutes
2025-11-14 17:15:55,105:INFO:SubProcess create_model() called ==================================
2025-11-14 17:15:55,105:INFO:Initializing create_model()
2025-11-14 17:15:55,105:INFO:create_model(self=<pycaret.regression.oop.RegressionExperiment object at 0x7a75f850a530>, estimator=lr, fold=KFold(n_splits=10, random_state=None, shuffle=False), round=4, cross_validation=True, predict=True, fit_kwargs={}, groups=None, refit=False, probability_threshold=None, experiment_custom_tags=None, verbose=False, system=False, add_to_model_list=True, metrics=None, display=<pycaret.internal.display.display.CommonDisplay object at 0x7a75868bbdf0>, model_only=True, return_train_score=False, error_score=0.0, kwargs={})
2025-11-14 17:15:55,105:INFO:Checking exceptions
2025-11-14 17:15:55,105:INFO:Importing libraries
2025-11-14 17:15:55,105:INFO:Copying training dataset
2025-11-14 17:15:55,110:INFO:Defining folds
2025-11-14 17:15:55,110:INFO:Declaring metric variables
2025-11-14 17:15:55,113:INFO:Importing untrained model
2025-11-14 17:15:55,117:INFO:Linear Regression Imported successfully
2025-11-14 17:15:55,126:INFO:Starting cross validation
2025-11-14 17:15:55,131:INFO:Cross validating with KFold(n_splits=10, random_state=None, shuffle=False), n_jobs=-1
2025-11-14 17:15:58,905:INFO:Calculating mean and std
2025-11-14 17:15:58,908:INFO:Creating metrics dataframe
2025-11-14 17:15:58,911:INFO:Uploading results into container
2025-11-14 17:15:58,912:INFO:Uploading model into container now
2025-11-14 17:15:58,912:INFO:_master_model_container: 1
2025-11-14 17:15:58,913:INFO:_display_container: 2
2025-11-14 17:15:58,913:INFO:LinearRegression(n_jobs=-1)
2025-11-14 17:15:58,913:INFO:create_model() successfully completed......................................
2025-11-14 17:15:59,094:INFO:SubProcess create_model() end ==================================
2025-11-14 17:15:59,094:INFO:Creating metrics dataframe
2025-11-14 17:15:59,101:INFO:Initializing Lasso Regression
2025-11-14 17:15:59,102:INFO:Total runtime is 0.06666683355967204 minutes
2025-11-14 17:15:59,106:INFO:SubProcess create_model() called ==================================
2025-11-14 17:15:59,106:INFO:Initializing create_model()
2025-11-14 17:15:59,106:INFO:create_model(self=<pycaret.regression.oop.RegressionExperiment object at 0x7a75f850a530>, estimator=lasso, fold=KFold(n_splits=10, random_state=None, shuffle=False), round=4, cross_validation=True, predict=True, fit_kwargs={}, groups=None, refit=False, probability_threshold=None, experiment_custom_tags=None, verbose=False, system=False, add_to_model_list=True, metrics=None, display=<pycaret.internal.display.display.CommonDisplay object at 0x7a75868bbdf0>, model_only=True, return_train_score=False, error_score=0.0, kwargs={})
2025-11-14 17:15:59,106:INFO:Checking exceptions
2025-11-14 17:15:59,106:INFO:Importing libraries
2025-11-14 17:15:59,106:INFO:Copying training dataset
2025-11-14 17:15:59,112:INFO:Defining folds
2025-11-14 17:15:59,112:INFO:Declaring metric variables
2025-11-14 17:15:59,115:INFO:Importing untrained model
2025-11-14 17:15:59,119:INFO:Lasso Regression Imported successfully
2025-11-14 17:15:59,124:INFO:Starting cross validation
2025-11-14 17:15:59,125:INFO:Cross validating with KFold(n_splits=10, random_state=None, shuffle=False), n_jobs=-1
2025-11-14 17:15:59,208:INFO:Calculating mean and std
2025-11-14 17:15:59,208:INFO:Creating metrics dataframe
2025-11-14 17:15:59,210:INFO:Uploading results into container
2025-11-14 17:15:59,211:INFO:Uploading model into container now
2025-11-14 17:15:59,211:INFO:_master_model_container: 2
2025-11-14 17:15:59,211:INFO:_display_container: 2
2025-11-14 17:15:59,212:INFO:Lasso(random_state=123)
2025-11-14 17:15:59,212:INFO:create_model() successfully completed......................................
2025-11-14 17:15:59,381:INFO:SubProcess create_model() end ==================================
2025-11-14 17:15:59,381:INFO:Creating metrics dataframe
2025-11-14 17:15:59,388:INFO:Initializing Ridge Regression
2025-11-14 17:15:59,388:INFO:Total runtime is 0.0714477022488912 minutes
2025-11-14 17:15:59,392:INFO:SubProcess create_model() called ==================================
2025-11-14 17:15:59,392:INFO:Initializing create_model()
2025-11-14 17:15:59,392:INFO:create_model(self=<pycaret.regression.oop.RegressionExperiment object at 0x7a75f850a530>, estimator=ridge, fold=KFold(n_splits=10, random_state=None, shuffle=False), round=4, cross_validation=True, predict=True, fit_kwargs={}, groups=None, refit=False, probability_threshold=None, experiment_custom_tags=None, verbose=False, system=False, add_to_model_list=True, metrics=None, display=<pycaret.internal.display.display.CommonDisplay object at 0x7a75868bbdf0>, model_only=True, return_train_score=False, error_score=0.0, kwargs={})
2025-11-14 17:15:59,392:INFO:Checking exceptions
2025-11-14 17:15:59,392:INFO:Importing libraries
2025-11-14 17:15:59,392:INFO:Copying training dataset
2025-11-14 17:15:59,398:INFO:Defining folds
2025-11-14 17:15:59,398:INFO:Declaring metric variables
2025-11-14 17:15:59,402:INFO:Importing untrained model
2025-11-14 17:15:59,405:INFO:Ridge Regression Imported successfully
2025-11-14 17:15:59,412:INFO:Starting cross validation
2025-11-14 17:15:59,413:INFO:Cross validating with KFold(n_splits=10, random_state=None, shuffle=False), n_jobs=-1
2025-11-14 17:15:59,547:INFO:Calculating mean and std
2025-11-14 17:15:59,549:INFO:Creating metrics dataframe
2025-11-14 17:15:59,551:INFO:Uploading results into container
2025-11-14 17:15:59,552:INFO:Uploading model into container now
2025-11-14 17:15:59,552:INFO:_master_model_container: 3
2025-11-14 17:15:59,552:INFO:_display_container: 2
2025-11-14 17:15:59,553:INFO:Ridge(random_state=123)
2025-11-14 17:15:59,553:INFO:create_model() successfully completed......................................
2025-11-14 17:15:59,713:INFO:SubProcess create_model() end ==================================
2025-11-14 17:15:59,713:INFO:Creating metrics dataframe
2025-11-14 17:15:59,720:INFO:Initializing Elastic Net
2025-11-14 17:15:59,721:INFO:Total runtime is 0.07699077526728312 minutes
2025-11-14 17:15:59,725:INFO:SubProcess create_model() called ==================================
2025-11-14 17:15:59,726:INFO:Initializing create_model()
2025-11-14 17:15:59,726:INFO:create_model(self=<pycaret.regression.oop.RegressionExperiment object at 0x7a75f850a530>, estimator=en, fold=KFold(n_splits=10, random_state=None, shuffle=False), round=4, cross_validation=True, predict=True, fit_kwargs={}, groups=None, refit=False, probability_threshold=None, experiment_custom_tags=None, verbose=False, system=False, add_to_model_list=True, metrics=None, display=<pycaret.internal.display.display.CommonDisplay object at 0x7a75868bbdf0>, model_only=True, return_train_score=False, error_score=0.0, kwargs={})
2025-11-14 17:15:59,726:INFO:Checking exceptions
2025-11-14 17:15:59,726:INFO:Importing libraries
2025-11-14 17:15:59,726:INFO:Copying training dataset
2025-11-14 17:15:59,731:INFO:Defining folds
2025-11-14 17:15:59,731:INFO:Declaring metric variables
2025-11-14 17:15:59,735:INFO:Importing untrained model
2025-11-14 17:15:59,738:INFO:Elastic Net Imported successfully
2025-11-14 17:15:59,744:INFO:Starting cross validation
2025-11-14 17:15:59,745:INFO:Cross validating with KFold(n_splits=10, random_state=None, shuffle=False), n_jobs=-1
2025-11-14 17:15:59,835:INFO:Calculating mean and std
2025-11-14 17:15:59,836:INFO:Creating metrics dataframe
2025-11-14 17:15:59,837:INFO:Uploading results into container
2025-11-14 17:15:59,838:INFO:Uploading model into container now
2025-11-14 17:15:59,838:INFO:_master_model_container: 4
2025-11-14 17:15:59,838:INFO:_display_container: 2
2025-11-14 17:15:59,839:INFO:ElasticNet(random_state=123)
2025-11-14 17:15:59,839:INFO:create_model() successfully completed......................................
2025-11-14 17:16:00,002:INFO:SubProcess create_model() end ==================================
2025-11-14 17:16:00,002:INFO:Creating metrics dataframe
2025-11-14 17:16:00,009:INFO:Initializing Least Angle Regression
2025-11-14 17:16:00,009:INFO:Total runtime is 0.08179377714792888 minutes
2025-11-14 17:16:00,012:INFO:SubProcess create_model() called ==================================
2025-11-14 17:16:00,012:INFO:Initializing create_model()
2025-11-14 17:16:00,012:INFO:create_model(self=<pycaret.regression.oop.RegressionExperiment object at 0x7a75f850a530>, estimator=lar, fold=KFold(n_splits=10, random_state=None, shuffle=False), round=4, cross_validation=True, predict=True, fit_kwargs={}, groups=None, refit=False, probability_threshold=None, experiment_custom_tags=None, verbose=False, system=False, add_to_model_list=True, metrics=None, display=<pycaret.internal.display.display.CommonDisplay object at 0x7a75868bbdf0>, model_only=True, return_train_score=False, error_score=0.0, kwargs={})
2025-11-14 17:16:00,013:INFO:Checking exceptions
2025-11-14 17:16:00,013:INFO:Importing libraries
2025-11-14 17:16:00,013:INFO:Copying training dataset
2025-11-14 17:16:00,017:INFO:Defining folds
2025-11-14 17:16:00,018:INFO:Declaring metric variables
2025-11-14 17:16:00,021:INFO:Importing untrained model
2025-11-14 17:16:00,025:INFO:Least Angle Regression Imported successfully
2025-11-14 17:16:00,030:INFO:Starting cross validation
2025-11-14 17:16:00,031:INFO:Cross validating with KFold(n_splits=10, random_state=None, shuffle=False), n_jobs=-1
2025-11-14 17:16:00,147:INFO:Calculating mean and std
2025-11-14 17:16:00,148:INFO:Creating metrics dataframe
2025-11-14 17:16:00,150:INFO:Uploading results into container
2025-11-14 17:16:00,151:INFO:Uploading model into container now
2025-11-14 17:16:00,151:INFO:_master_model_container: 5
2025-11-14 17:16:00,151:INFO:_display_container: 2
2025-11-14 17:16:00,152:INFO:Lars(random_state=123)
2025-11-14 17:16:00,152:INFO:create_model() successfully completed......................................
2025-11-14 17:16:00,312:INFO:SubProcess create_model() end ==================================
2025-11-14 17:16:00,312:INFO:Creating metrics dataframe
2025-11-14 17:16:00,319:INFO:Initializing Lasso Least Angle Regression
2025-11-14 17:16:00,320:INFO:Total runtime is 0.08696592648824056 minutes
2025-11-14 17:16:00,323:INFO:SubProcess create_model() called ==================================
2025-11-14 17:16:00,323:INFO:Initializing create_model()
2025-11-14 17:16:00,323:INFO:create_model(self=<pycaret.regression.oop.RegressionExperiment object at 0x7a75f850a530>, estimator=llar, fold=KFold(n_splits=10, random_state=None, shuffle=False), round=4, cross_validation=True, predict=True, fit_kwargs={}, groups=None, refit=False, probability_threshold=None, experiment_custom_tags=None, verbose=False, system=False, add_to_model_list=True, metrics=None, display=<pycaret.internal.display.display.CommonDisplay object at 0x7a75868bbdf0>, model_only=True, return_train_score=False, error_score=0.0, kwargs={})
2025-11-14 17:16:00,323:INFO:Checking exceptions
2025-11-14 17:16:00,323:INFO:Importing libraries
2025-11-14 17:16:00,323:INFO:Copying training dataset
2025-11-14 17:16:00,329:INFO:Defining folds
2025-11-14 17:16:00,329:INFO:Declaring metric variables
2025-11-14 17:16:00,334:INFO:Importing untrained model
2025-11-14 17:16:00,338:INFO:Lasso Least Angle Regression Imported successfully
2025-11-14 17:16:00,344:INFO:Starting cross validation
2025-11-14 17:16:00,345:INFO:Cross validating with KFold(n_splits=10, random_state=None, shuffle=False), n_jobs=-1
2025-11-14 17:16:00,461:INFO:Calculating mean and std
2025-11-14 17:16:00,462:INFO:Creating metrics dataframe
2025-11-14 17:16:00,464:INFO:Uploading results into container
2025-11-14 17:16:00,465:INFO:Uploading model into container now
2025-11-14 17:16:00,465:INFO:_master_model_container: 6
2025-11-14 17:16:00,465:INFO:_display_container: 2
2025-11-14 17:16:00,466:INFO:LassoLars(random_state=123)
2025-11-14 17:16:00,466:INFO:create_model() successfully completed......................................
2025-11-14 17:16:00,630:INFO:SubProcess create_model() end ==================================
2025-11-14 17:16:00,631:INFO:Creating metrics dataframe
2025-11-14 17:16:00,638:INFO:Initializing Orthogonal Matching Pursuit
2025-11-14 17:16:00,638:INFO:Total runtime is 0.09227392276128132 minutes
2025-11-14 17:16:00,641:INFO:SubProcess create_model() called ==================================
2025-11-14 17:16:00,641:INFO:Initializing create_model()
2025-11-14 17:16:00,641:INFO:create_model(self=<pycaret.regression.oop.RegressionExperiment object at 0x7a75f850a530>, estimator=omp, fold=KFold(n_splits=10, random_state=None, shuffle=False), round=4, cross_validation=True, predict=True, fit_kwargs={}, groups=None, refit=False, probability_threshold=None, experiment_custom_tags=None, verbose=False, system=False, add_to_model_list=True, metrics=None, display=<pycaret.internal.display.display.CommonDisplay object at 0x7a75868bbdf0>, model_only=True, return_train_score=False, error_score=0.0, kwargs={})
2025-11-14 17:16:00,642:INFO:Checking exceptions
2025-11-14 17:16:00,642:INFO:Importing libraries
2025-11-14 17:16:00,642:INFO:Copying training dataset
2025-11-14 17:16:00,647:INFO:Defining folds
2025-11-14 17:16:00,647:INFO:Declaring metric variables
2025-11-14 17:16:00,652:INFO:Importing untrained model
2025-11-14 17:16:00,655:INFO:Orthogonal Matching Pursuit Imported successfully
2025-11-14 17:16:00,661:INFO:Starting cross validation
2025-11-14 17:16:00,662:INFO:Cross validating with KFold(n_splits=10, random_state=None, shuffle=False), n_jobs=-1
2025-11-14 17:16:00,764:INFO:Calculating mean and std
2025-11-14 17:16:00,765:INFO:Creating metrics dataframe
2025-11-14 17:16:00,767:INFO:Uploading results into container
2025-11-14 17:16:00,768:INFO:Uploading model into container now
2025-11-14 17:16:00,769:INFO:_master_model_container: 7
2025-11-14 17:16:00,769:INFO:_display_container: 2
2025-11-14 17:16:00,769:INFO:OrthogonalMatchingPursuit()
2025-11-14 17:16:00,770:INFO:create_model() successfully completed......................................
2025-11-14 17:16:00,929:INFO:SubProcess create_model() end ==================================
2025-11-14 17:16:00,929:INFO:Creating metrics dataframe
2025-11-14 17:16:00,937:INFO:Initializing Bayesian Ridge
2025-11-14 17:16:00,938:INFO:Total runtime is 0.09726680914560953 minutes
2025-11-14 17:16:00,941:INFO:SubProcess create_model() called ==================================
2025-11-14 17:16:00,941:INFO:Initializing create_model()
2025-11-14 17:16:00,941:INFO:create_model(self=<pycaret.regression.oop.RegressionExperiment object at 0x7a75f850a530>, estimator=br, fold=KFold(n_splits=10, random_state=None, shuffle=False), round=4, cross_validation=True, predict=True, fit_kwargs={}, groups=None, refit=False, probability_threshold=None, experiment_custom_tags=None, verbose=False, system=False, add_to_model_list=True, metrics=None, display=<pycaret.internal.display.display.CommonDisplay object at 0x7a75868bbdf0>, model_only=True, return_train_score=False, error_score=0.0, kwargs={})
2025-11-14 17:16:00,941:INFO:Checking exceptions
2025-11-14 17:16:00,942:INFO:Importing libraries
2025-11-14 17:16:00,942:INFO:Copying training dataset
2025-11-14 17:16:00,947:INFO:Defining folds
2025-11-14 17:16:00,947:INFO:Declaring metric variables
2025-11-14 17:16:00,951:INFO:Importing untrained model
2025-11-14 17:16:00,954:INFO:Bayesian Ridge Imported successfully
2025-11-14 17:16:00,959:INFO:Starting cross validation
2025-11-14 17:16:00,960:INFO:Cross validating with KFold(n_splits=10, random_state=None, shuffle=False), n_jobs=-1
2025-11-14 17:16:01,053:INFO:Calculating mean and std
2025-11-14 17:16:01,054:INFO:Creating metrics dataframe
2025-11-14 17:16:01,056:INFO:Uploading results into container
2025-11-14 17:16:01,057:INFO:Uploading model into container now
2025-11-14 17:16:01,057:INFO:_master_model_container: 8
2025-11-14 17:16:01,057:INFO:_display_container: 2
2025-11-14 17:16:01,057:INFO:BayesianRidge()
2025-11-14 17:16:01,057:INFO:create_model() successfully completed......................................
2025-11-14 17:16:01,220:INFO:SubProcess create_model() end ==================================
2025-11-14 17:16:01,220:INFO:Creating metrics dataframe
2025-11-14 17:16:01,228:INFO:Initializing Passive Aggressive Regressor
2025-11-14 17:16:01,228:INFO:Total runtime is 0.10210129419962564 minutes
2025-11-14 17:16:01,231:INFO:SubProcess create_model() called ==================================
2025-11-14 17:16:01,231:INFO:Initializing create_model()
2025-11-14 17:16:01,231:INFO:create_model(self=<pycaret.regression.oop.RegressionExperiment object at 0x7a75f850a530>, estimator=par, fold=KFold(n_splits=10, random_state=None, shuffle=False), round=4, cross_validation=True, predict=True, fit_kwargs={}, groups=None, refit=False, probability_threshold=None, experiment_custom_tags=None, verbose=False, system=False, add_to_model_list=True, metrics=None, display=<pycaret.internal.display.display.CommonDisplay object at 0x7a75868bbdf0>, model_only=True, return_train_score=False, error_score=0.0, kwargs={})
2025-11-14 17:16:01,231:INFO:Checking exceptions
2025-11-14 17:16:01,231:INFO:Importing libraries
2025-11-14 17:16:01,231:INFO:Copying training dataset
2025-11-14 17:16:01,236:INFO:Defining folds
2025-11-14 17:16:01,236:INFO:Declaring metric variables
2025-11-14 17:16:01,241:INFO:Importing untrained model
2025-11-14 17:16:01,245:INFO:Passive Aggressive Regressor Imported successfully
2025-11-14 17:16:01,251:INFO:Starting cross validation
2025-11-14 17:16:01,251:INFO:Cross validating with KFold(n_splits=10, random_state=None, shuffle=False), n_jobs=-1
2025-11-14 17:16:01,345:INFO:Calculating mean and std
2025-11-14 17:16:01,346:INFO:Creating metrics dataframe
2025-11-14 17:16:01,349:INFO:Uploading results into container
2025-11-14 17:16:01,350:INFO:Uploading model into container now
2025-11-14 17:16:01,350:INFO:_master_model_container: 9
2025-11-14 17:16:01,350:INFO:_display_container: 2
2025-11-14 17:16:01,351:INFO:PassiveAggressiveRegressor(random_state=123)
2025-11-14 17:16:01,351:INFO:create_model() successfully completed......................................
2025-11-14 17:16:01,521:INFO:SubProcess create_model() end ==================================
2025-11-14 17:16:01,521:INFO:Creating metrics dataframe
2025-11-14 17:16:01,529:INFO:Initializing Huber Regressor
2025-11-14 17:16:01,529:INFO:Total runtime is 0.10712146759033203 minutes
2025-11-14 17:16:01,532:INFO:SubProcess create_model() called ==================================
2025-11-14 17:16:01,532:INFO:Initializing create_model()
2025-11-14 17:16:01,532:INFO:create_model(self=<pycaret.regression.oop.RegressionExperiment object at 0x7a75f850a530>, estimator=huber, fold=KFold(n_splits=10, random_state=None, shuffle=False), round=4, cross_validation=True, predict=True, fit_kwargs={}, groups=None, refit=False, probability_threshold=None, experiment_custom_tags=None, verbose=False, system=False, add_to_model_list=True, metrics=None, display=<pycaret.internal.display.display.CommonDisplay object at 0x7a75868bbdf0>, model_only=True, return_train_score=False, error_score=0.0, kwargs={})
2025-11-14 17:16:01,532:INFO:Checking exceptions
2025-11-14 17:16:01,532:INFO:Importing libraries
2025-11-14 17:16:01,532:INFO:Copying training dataset
2025-11-14 17:16:01,537:INFO:Defining folds
2025-11-14 17:16:01,537:INFO:Declaring metric variables
2025-11-14 17:16:01,541:INFO:Importing untrained model
2025-11-14 17:16:01,544:INFO:Huber Regressor Imported successfully
2025-11-14 17:16:01,551:INFO:Starting cross validation
2025-11-14 17:16:01,552:INFO:Cross validating with KFold(n_splits=10, random_state=None, shuffle=False), n_jobs=-1
2025-11-14 17:16:01,617:WARNING:/media/aria/SSD/anaconda/envs/py310/lib/python3.10/site-packages/sklearn/linear_model/_huber.py:342: ConvergenceWarning: lbfgs failed to converge (status=1):
STOP: TOTAL NO. of ITERATIONS REACHED LIMIT.

Increase the number of iterations (max_iter) or scale the data as shown in:
    https://scikit-learn.org/stable/modules/preprocessing.html
  self.n_iter_ = _check_optimize_result("lbfgs", opt_res, self.max_iter)

2025-11-14 17:16:01,621:WARNING:/media/aria/SSD/anaconda/envs/py310/lib/python3.10/site-packages/sklearn/linear_model/_huber.py:342: ConvergenceWarning: lbfgs failed to converge (status=1):
STOP: TOTAL NO. of ITERATIONS REACHED LIMIT.

Increase the number of iterations (max_iter) or scale the data as shown in:
    https://scikit-learn.org/stable/modules/preprocessing.html
  self.n_iter_ = _check_optimize_result("lbfgs", opt_res, self.max_iter)

2025-11-14 17:16:01,640:WARNING:/media/aria/SSD/anaconda/envs/py310/lib/python3.10/site-packages/sklearn/linear_model/_huber.py:342: ConvergenceWarning: lbfgs failed to converge (status=1):
STOP: TOTAL NO. of ITERATIONS REACHED LIMIT.

Increase the number of iterations (max_iter) or scale the data as shown in:
    https://scikit-learn.org/stable/modules/preprocessing.html
  self.n_iter_ = _check_optimize_result("lbfgs", opt_res, self.max_iter)

2025-11-14 17:16:01,642:WARNING:/media/aria/SSD/anaconda/envs/py310/lib/python3.10/site-packages/sklearn/linear_model/_huber.py:342: ConvergenceWarning: lbfgs failed to converge (status=1):
STOP: TOTAL NO. of ITERATIONS REACHED LIMIT.

Increase the number of iterations (max_iter) or scale the data as shown in:
    https://scikit-learn.org/stable/modules/preprocessing.html
  self.n_iter_ = _check_optimize_result("lbfgs", opt_res, self.max_iter)

2025-11-14 17:16:01,654:WARNING:/media/aria/SSD/anaconda/envs/py310/lib/python3.10/site-packages/sklearn/linear_model/_huber.py:342: ConvergenceWarning: lbfgs failed to converge (status=1):
STOP: TOTAL NO. of ITERATIONS REACHED LIMIT.

Increase the number of iterations (max_iter) or scale the data as shown in:
    https://scikit-learn.org/stable/modules/preprocessing.html
  self.n_iter_ = _check_optimize_result("lbfgs", opt_res, self.max_iter)

2025-11-14 17:16:01,662:WARNING:/media/aria/SSD/anaconda/envs/py310/lib/python3.10/site-packages/sklearn/linear_model/_huber.py:342: ConvergenceWarning: lbfgs failed to converge (status=1):
STOP: TOTAL NO. of ITERATIONS REACHED LIMIT.

Increase the number of iterations (max_iter) or scale the data as shown in:
    https://scikit-learn.org/stable/modules/preprocessing.html
  self.n_iter_ = _check_optimize_result("lbfgs", opt_res, self.max_iter)

2025-11-14 17:16:01,687:WARNING:/media/aria/SSD/anaconda/envs/py310/lib/python3.10/site-packages/sklearn/linear_model/_huber.py:342: ConvergenceWarning: lbfgs failed to converge (status=1):
STOP: TOTAL NO. of ITERATIONS REACHED LIMIT.

Increase the number of iterations (max_iter) or scale the data as shown in:
    https://scikit-learn.org/stable/modules/preprocessing.html
  self.n_iter_ = _check_optimize_result("lbfgs", opt_res, self.max_iter)

2025-11-14 17:16:01,690:WARNING:/media/aria/SSD/anaconda/envs/py310/lib/python3.10/site-packages/sklearn/linear_model/_huber.py:342: ConvergenceWarning: lbfgs failed to converge (status=1):
STOP: TOTAL NO. of ITERATIONS REACHED LIMIT.

Increase the number of iterations (max_iter) or scale the data as shown in:
    https://scikit-learn.org/stable/modules/preprocessing.html
  self.n_iter_ = _check_optimize_result("lbfgs", opt_res, self.max_iter)

2025-11-14 17:16:01,694:WARNING:/media/aria/SSD/anaconda/envs/py310/lib/python3.10/site-packages/sklearn/linear_model/_huber.py:342: ConvergenceWarning: lbfgs failed to converge (status=1):
STOP: TOTAL NO. of ITERATIONS REACHED LIMIT.

Increase the number of iterations (max_iter) or scale the data as shown in:
    https://scikit-learn.org/stable/modules/preprocessing.html
  self.n_iter_ = _check_optimize_result("lbfgs", opt_res, self.max_iter)

2025-11-14 17:16:01,696:WARNING:/media/aria/SSD/anaconda/envs/py310/lib/python3.10/site-packages/sklearn/linear_model/_huber.py:342: ConvergenceWarning: lbfgs failed to converge (status=1):
STOP: TOTAL NO. of ITERATIONS REACHED LIMIT.

Increase the number of iterations (max_iter) or scale the data as shown in:
    https://scikit-learn.org/stable/modules/preprocessing.html
  self.n_iter_ = _check_optimize_result("lbfgs", opt_res, self.max_iter)

2025-11-14 17:16:01,710:INFO:Calculating mean and std
2025-11-14 17:16:01,711:INFO:Creating metrics dataframe
2025-11-14 17:16:01,713:INFO:Uploading results into container
2025-11-14 17:16:01,714:INFO:Uploading model into container now
2025-11-14 17:16:01,714:INFO:_master_model_container: 10
2025-11-14 17:16:01,714:INFO:_display_container: 2
2025-11-14 17:16:01,715:INFO:HuberRegressor()
2025-11-14 17:16:01,715:INFO:create_model() successfully completed......................................
2025-11-14 17:16:01,872:INFO:SubProcess create_model() end ==================================
2025-11-14 17:16:01,872:INFO:Creating metrics dataframe
2025-11-14 17:16:01,881:INFO:Initializing K Neighbors Regressor
2025-11-14 17:16:01,881:INFO:Total runtime is 0.11299426555633545 minutes
2025-11-14 17:16:01,885:INFO:SubProcess create_model() called ==================================
2025-11-14 17:16:01,885:INFO:Initializing create_model()
2025-11-14 17:16:01,885:INFO:create_model(self=<pycaret.regression.oop.RegressionExperiment object at 0x7a75f850a530>, estimator=knn, fold=KFold(n_splits=10, random_state=None, shuffle=False), round=4, cross_validation=True, predict=True, fit_kwargs={}, groups=None, refit=False, probability_threshold=None, experiment_custom_tags=None, verbose=False, system=False, add_to_model_list=True, metrics=None, display=<pycaret.internal.display.display.CommonDisplay object at 0x7a75868bbdf0>, model_only=True, return_train_score=False, error_score=0.0, kwargs={})
2025-11-14 17:16:01,885:INFO:Checking exceptions
2025-11-14 17:16:01,885:INFO:Importing libraries
2025-11-14 17:16:01,885:INFO:Copying training dataset
2025-11-14 17:16:01,890:INFO:Defining folds
2025-11-14 17:16:01,890:INFO:Declaring metric variables
2025-11-14 17:16:01,894:INFO:Importing untrained model
2025-11-14 17:16:01,898:INFO:K Neighbors Regressor Imported successfully
2025-11-14 17:16:01,904:INFO:Starting cross validation
2025-11-14 17:16:01,904:INFO:Cross validating with KFold(n_splits=10, random_state=None, shuffle=False), n_jobs=-1
2025-11-14 17:16:02,018:INFO:Calculating mean and std
2025-11-14 17:16:02,019:INFO:Creating metrics dataframe
2025-11-14 17:16:02,021:INFO:Uploading results into container
2025-11-14 17:16:02,021:INFO:Uploading model into container now
2025-11-14 17:16:02,022:INFO:_master_model_container: 11
2025-11-14 17:16:02,022:INFO:_display_container: 2
2025-11-14 17:16:02,023:INFO:KNeighborsRegressor(n_jobs=-1)
2025-11-14 17:16:02,023:INFO:create_model() successfully completed......................................
2025-11-14 17:16:02,184:INFO:SubProcess create_model() end ==================================
2025-11-14 17:16:02,184:INFO:Creating metrics dataframe
2025-11-14 17:16:02,193:INFO:Initializing Decision Tree Regressor
2025-11-14 17:16:02,193:INFO:Total runtime is 0.11818820238113403 minutes
2025-11-14 17:16:02,196:INFO:SubProcess create_model() called ==================================
2025-11-14 17:16:02,197:INFO:Initializing create_model()
2025-11-14 17:16:02,197:INFO:create_model(self=<pycaret.regression.oop.RegressionExperiment object at 0x7a75f850a530>, estimator=dt, fold=KFold(n_splits=10, random_state=None, shuffle=False), round=4, cross_validation=True, predict=True, fit_kwargs={}, groups=None, refit=False, probability_threshold=None, experiment_custom_tags=None, verbose=False, system=False, add_to_model_list=True, metrics=None, display=<pycaret.internal.display.display.CommonDisplay object at 0x7a75868bbdf0>, model_only=True, return_train_score=False, error_score=0.0, kwargs={})
2025-11-14 17:16:02,197:INFO:Checking exceptions
2025-11-14 17:16:02,197:INFO:Importing libraries
2025-11-14 17:16:02,197:INFO:Copying training dataset
2025-11-14 17:16:02,202:INFO:Defining folds
2025-11-14 17:16:02,202:INFO:Declaring metric variables
2025-11-14 17:16:02,205:INFO:Importing untrained model
2025-11-14 17:16:02,209:INFO:Decision Tree Regressor Imported successfully
2025-11-14 17:16:02,214:INFO:Starting cross validation
2025-11-14 17:16:02,215:INFO:Cross validating with KFold(n_splits=10, random_state=None, shuffle=False), n_jobs=-1
2025-11-14 17:16:02,339:INFO:Calculating mean and std
2025-11-14 17:16:02,340:INFO:Creating metrics dataframe
2025-11-14 17:16:02,342:INFO:Uploading results into container
2025-11-14 17:16:02,342:INFO:Uploading model into container now
2025-11-14 17:16:02,343:INFO:_master_model_container: 12
2025-11-14 17:16:02,343:INFO:_display_container: 2
2025-11-14 17:16:02,343:INFO:DecisionTreeRegressor(random_state=123)
2025-11-14 17:16:02,343:INFO:create_model() successfully completed......................................
2025-11-14 17:16:02,507:INFO:SubProcess create_model() end ==================================
2025-11-14 17:16:02,508:INFO:Creating metrics dataframe
2025-11-14 17:16:02,518:INFO:Initializing Random Forest Regressor
2025-11-14 17:16:02,518:INFO:Total runtime is 0.12360861698786417 minutes
2025-11-14 17:16:02,522:INFO:SubProcess create_model() called ==================================
2025-11-14 17:16:02,522:INFO:Initializing create_model()
2025-11-14 17:16:02,522:INFO:create_model(self=<pycaret.regression.oop.RegressionExperiment object at 0x7a75f850a530>, estimator=rf, fold=KFold(n_splits=10, random_state=None, shuffle=False), round=4, cross_validation=True, predict=True, fit_kwargs={}, groups=None, refit=False, probability_threshold=None, experiment_custom_tags=None, verbose=False, system=False, add_to_model_list=True, metrics=None, display=<pycaret.internal.display.display.CommonDisplay object at 0x7a75868bbdf0>, model_only=True, return_train_score=False, error_score=0.0, kwargs={})
2025-11-14 17:16:02,522:INFO:Checking exceptions
2025-11-14 17:16:02,522:INFO:Importing libraries
2025-11-14 17:16:02,522:INFO:Copying training dataset
2025-11-14 17:16:02,527:INFO:Defining folds
2025-11-14 17:16:02,527:INFO:Declaring metric variables
2025-11-14 17:16:02,531:INFO:Importing untrained model
2025-11-14 17:16:02,535:INFO:Random Forest Regressor Imported successfully
2025-11-14 17:16:02,540:INFO:Starting cross validation
2025-11-14 17:16:02,541:INFO:Cross validating with KFold(n_splits=10, random_state=None, shuffle=False), n_jobs=-1
2025-11-14 17:16:03,199:INFO:Calculating mean and std
2025-11-14 17:16:03,201:INFO:Creating metrics dataframe
2025-11-14 17:16:03,204:INFO:Uploading results into container
2025-11-14 17:16:03,205:INFO:Uploading model into container now
2025-11-14 17:16:03,206:INFO:_master_model_container: 13
2025-11-14 17:16:03,206:INFO:_display_container: 2
2025-11-14 17:16:03,206:INFO:RandomForestRegressor(n_jobs=-1, random_state=123)
2025-11-14 17:16:03,206:INFO:create_model() successfully completed......................................
2025-11-14 17:16:03,360:INFO:SubProcess create_model() end ==================================
2025-11-14 17:16:03,360:INFO:Creating metrics dataframe
2025-11-14 17:16:03,368:INFO:Initializing Extra Trees Regressor
2025-11-14 17:16:03,368:INFO:Total runtime is 0.1377749522527059 minutes
2025-11-14 17:16:03,371:INFO:SubProcess create_model() called ==================================
2025-11-14 17:16:03,372:INFO:Initializing create_model()
2025-11-14 17:16:03,372:INFO:create_model(self=<pycaret.regression.oop.RegressionExperiment object at 0x7a75f850a530>, estimator=et, fold=KFold(n_splits=10, random_state=None, shuffle=False), round=4, cross_validation=True, predict=True, fit_kwargs={}, groups=None, refit=False, probability_threshold=None, experiment_custom_tags=None, verbose=False, system=False, add_to_model_list=True, metrics=None, display=<pycaret.internal.display.display.CommonDisplay object at 0x7a75868bbdf0>, model_only=True, return_train_score=False, error_score=0.0, kwargs={})
2025-11-14 17:16:03,372:INFO:Checking exceptions
2025-11-14 17:16:03,372:INFO:Importing libraries
2025-11-14 17:16:03,372:INFO:Copying training dataset
2025-11-14 17:16:03,377:INFO:Defining folds
2025-11-14 17:16:03,378:INFO:Declaring metric variables
2025-11-14 17:16:03,382:INFO:Importing untrained model
2025-11-14 17:16:03,386:INFO:Extra Trees Regressor Imported successfully
2025-11-14 17:16:03,394:INFO:Starting cross validation
2025-11-14 17:16:03,395:INFO:Cross validating with KFold(n_splits=10, random_state=None, shuffle=False), n_jobs=-1
2025-11-14 17:16:03,926:INFO:Calculating mean and std
2025-11-14 17:16:03,927:INFO:Creating metrics dataframe
2025-11-14 17:16:03,929:INFO:Uploading results into container
2025-11-14 17:16:03,930:INFO:Uploading model into container now
2025-11-14 17:16:03,931:INFO:_master_model_container: 14
2025-11-14 17:16:03,931:INFO:_display_container: 2
2025-11-14 17:16:03,931:INFO:ExtraTreesRegressor(n_jobs=-1, random_state=123)
2025-11-14 17:16:03,931:INFO:create_model() successfully completed......................................
2025-11-14 17:16:04,084:INFO:SubProcess create_model() end ==================================
2025-11-14 17:16:04,084:INFO:Creating metrics dataframe
2025-11-14 17:16:04,092:INFO:Initializing AdaBoost Regressor
2025-11-14 17:16:04,093:INFO:Total runtime is 0.14984947045644123 minutes
2025-11-14 17:16:04,096:INFO:SubProcess create_model() called ==================================
2025-11-14 17:16:04,096:INFO:Initializing create_model()
2025-11-14 17:16:04,096:INFO:create_model(self=<pycaret.regression.oop.RegressionExperiment object at 0x7a75f850a530>, estimator=ada, fold=KFold(n_splits=10, random_state=None, shuffle=False), round=4, cross_validation=True, predict=True, fit_kwargs={}, groups=None, refit=False, probability_threshold=None, experiment_custom_tags=None, verbose=False, system=False, add_to_model_list=True, metrics=None, display=<pycaret.internal.display.display.CommonDisplay object at 0x7a75868bbdf0>, model_only=True, return_train_score=False, error_score=0.0, kwargs={})
2025-11-14 17:16:04,096:INFO:Checking exceptions
2025-11-14 17:16:04,096:INFO:Importing libraries
2025-11-14 17:16:04,096:INFO:Copying training dataset
2025-11-14 17:16:04,101:INFO:Defining folds
2025-11-14 17:16:04,101:INFO:Declaring metric variables
2025-11-14 17:16:04,105:INFO:Importing untrained model
2025-11-14 17:16:04,109:INFO:AdaBoost Regressor Imported successfully
2025-11-14 17:16:04,115:INFO:Starting cross validation
2025-11-14 17:16:04,116:INFO:Cross validating with KFold(n_splits=10, random_state=None, shuffle=False), n_jobs=-1
2025-11-14 17:16:04,411:INFO:Calculating mean and std
2025-11-14 17:16:04,412:INFO:Creating metrics dataframe
2025-11-14 17:16:04,414:INFO:Uploading results into container
2025-11-14 17:16:04,414:INFO:Uploading model into container now
2025-11-14 17:16:04,415:INFO:_master_model_container: 15
2025-11-14 17:16:04,415:INFO:_display_container: 2
2025-11-14 17:16:04,415:INFO:AdaBoostRegressor(random_state=123)
2025-11-14 17:16:04,415:INFO:create_model() successfully completed......................................
2025-11-14 17:16:04,574:INFO:SubProcess create_model() end ==================================
2025-11-14 17:16:04,574:INFO:Creating metrics dataframe
2025-11-14 17:16:04,584:INFO:Initializing Gradient Boosting Regressor
2025-11-14 17:16:04,584:INFO:Total runtime is 0.1580403407414754 minutes
2025-11-14 17:16:04,588:INFO:SubProcess create_model() called ==================================
2025-11-14 17:16:04,588:INFO:Initializing create_model()
2025-11-14 17:16:04,588:INFO:create_model(self=<pycaret.regression.oop.RegressionExperiment object at 0x7a75f850a530>, estimator=gbr, fold=KFold(n_splits=10, random_state=None, shuffle=False), round=4, cross_validation=True, predict=True, fit_kwargs={}, groups=None, refit=False, probability_threshold=None, experiment_custom_tags=None, verbose=False, system=False, add_to_model_list=True, metrics=None, display=<pycaret.internal.display.display.CommonDisplay object at 0x7a75868bbdf0>, model_only=True, return_train_score=False, error_score=0.0, kwargs={})
2025-11-14 17:16:04,588:INFO:Checking exceptions
2025-11-14 17:16:04,588:INFO:Importing libraries
2025-11-14 17:16:04,588:INFO:Copying training dataset
2025-11-14 17:16:04,593:INFO:Defining folds
2025-11-14 17:16:04,593:INFO:Declaring metric variables
2025-11-14 17:16:04,596:INFO:Importing untrained model
2025-11-14 17:16:04,600:INFO:Gradient Boosting Regressor Imported successfully
2025-11-14 17:16:04,605:INFO:Starting cross validation
2025-11-14 17:16:04,607:INFO:Cross validating with KFold(n_splits=10, random_state=None, shuffle=False), n_jobs=-1
2025-11-14 17:16:04,986:INFO:Calculating mean and std
2025-11-14 17:16:04,987:INFO:Creating metrics dataframe
2025-11-14 17:16:04,989:INFO:Uploading results into container
2025-11-14 17:16:04,989:INFO:Uploading model into container now
2025-11-14 17:16:04,989:INFO:_master_model_container: 16
2025-11-14 17:16:04,989:INFO:_display_container: 2
2025-11-14 17:16:04,990:INFO:GradientBoostingRegressor(random_state=123)
2025-11-14 17:16:04,990:INFO:create_model() successfully completed......................................
2025-11-14 17:16:05,138:INFO:SubProcess create_model() end ==================================
2025-11-14 17:16:05,138:INFO:Creating metrics dataframe
2025-11-14 17:16:05,148:INFO:Initializing Extreme Gradient Boosting
2025-11-14 17:16:05,148:INFO:Total runtime is 0.1674392541249593 minutes
2025-11-14 17:16:05,151:INFO:SubProcess create_model() called ==================================
2025-11-14 17:16:05,152:INFO:Initializing create_model()
2025-11-14 17:16:05,152:INFO:create_model(self=<pycaret.regression.oop.RegressionExperiment object at 0x7a75f850a530>, estimator=xgboost, fold=KFold(n_splits=10, random_state=None, shuffle=False), round=4, cross_validation=True, predict=True, fit_kwargs={}, groups=None, refit=False, probability_threshold=None, experiment_custom_tags=None, verbose=False, system=False, add_to_model_list=True, metrics=None, display=<pycaret.internal.display.display.CommonDisplay object at 0x7a75868bbdf0>, model_only=True, return_train_score=False, error_score=0.0, kwargs={})
2025-11-14 17:16:05,152:INFO:Checking exceptions
2025-11-14 17:16:05,152:INFO:Importing libraries
2025-11-14 17:16:05,152:INFO:Copying training dataset
2025-11-14 17:16:05,157:INFO:Defining folds
2025-11-14 17:16:05,157:INFO:Declaring metric variables
2025-11-14 17:16:05,160:INFO:Importing untrained model
2025-11-14 17:16:05,164:INFO:Extreme Gradient Boosting Imported successfully
2025-11-14 17:16:05,169:INFO:Starting cross validation
2025-11-14 17:16:05,170:INFO:Cross validating with KFold(n_splits=10, random_state=None, shuffle=False), n_jobs=-1
2025-11-14 17:16:05,593:INFO:Calculating mean and std
2025-11-14 17:16:05,594:INFO:Creating metrics dataframe
2025-11-14 17:16:05,596:INFO:Uploading results into container
2025-11-14 17:16:05,596:INFO:Uploading model into container now
2025-11-14 17:16:05,597:INFO:_master_model_container: 17
2025-11-14 17:16:05,597:INFO:_display_container: 2
2025-11-14 17:16:05,598:INFO:XGBRegressor(base_score=None, booster='gbtree', callbacks=None,
             colsample_bylevel=None, colsample_bynode=None,
             colsample_bytree=None, device='cpu', early_stopping_rounds=None,
             enable_categorical=False, eval_metric=None, feature_types=None,
             feature_weights=None, gamma=None, grow_policy=None,
             importance_type=None, interaction_constraints=None,
             learning_rate=None, max_bin=None, max_cat_threshold=None,
             max_cat_to_onehot=None, max_delta_step=None, max_depth=None,
             max_leaves=None, min_child_weight=None, missing=nan,
             monotone_constraints=None, multi_strategy=None, n_estimators=None,
             n_jobs=-1, num_parallel_tree=None, ...)
2025-11-14 17:16:05,598:INFO:create_model() successfully completed......................................
2025-11-14 17:16:05,767:INFO:SubProcess create_model() end ==================================
2025-11-14 17:16:05,767:INFO:Creating metrics dataframe
2025-11-14 17:16:05,777:INFO:Initializing Light Gradient Boosting Machine
2025-11-14 17:16:05,777:INFO:Total runtime is 0.17791860898335773 minutes
2025-11-14 17:16:05,780:INFO:SubProcess create_model() called ==================================
2025-11-14 17:16:05,780:INFO:Initializing create_model()
2025-11-14 17:16:05,780:INFO:create_model(self=<pycaret.regression.oop.RegressionExperiment object at 0x7a75f850a530>, estimator=lightgbm, fold=KFold(n_splits=10, random_state=None, shuffle=False), round=4, cross_validation=True, predict=True, fit_kwargs={}, groups=None, refit=False, probability_threshold=None, experiment_custom_tags=None, verbose=False, system=False, add_to_model_list=True, metrics=None, display=<pycaret.internal.display.display.CommonDisplay object at 0x7a75868bbdf0>, model_only=True, return_train_score=False, error_score=0.0, kwargs={})
2025-11-14 17:16:05,780:INFO:Checking exceptions
2025-11-14 17:16:05,780:INFO:Importing libraries
2025-11-14 17:16:05,780:INFO:Copying training dataset
2025-11-14 17:16:05,785:INFO:Defining folds
2025-11-14 17:16:05,785:INFO:Declaring metric variables
2025-11-14 17:16:05,790:INFO:Importing untrained model
2025-11-14 17:16:05,793:INFO:Light Gradient Boosting Machine Imported successfully
2025-11-14 17:16:05,799:INFO:Starting cross validation
2025-11-14 17:16:05,800:INFO:Cross validating with KFold(n_splits=10, random_state=None, shuffle=False), n_jobs=-1
2025-11-14 17:17:52,843:INFO:Initializing compare_models()
2025-11-14 17:17:52,843:INFO:compare_models(self=<pycaret.regression.oop.RegressionExperiment object at 0x7a75f850a530>, include=None, fold=3, round=2, cross_validation=True, sort=R2, n_select=3, budget_time=None, turbo=True, errors=ignore, fit_kwargs=None, groups=None, experiment_custom_tags=None, probability_threshold=None, verbose=True, parallel=None, caller_params={'self': <pycaret.regression.oop.RegressionExperiment object at 0x7a75f850a530>, 'include': None, 'exclude': None, 'fold': 3, 'round': 2, 'cross_validation': True, 'sort': 'R2', 'n_select': 3, 'budget_time': None, 'turbo': True, 'errors': 'ignore', 'fit_kwargs': None, 'groups': None, 'experiment_custom_tags': None, 'engine': None, 'verbose': True, 'parallel': None, '__class__': <class 'pycaret.regression.oop.RegressionExperiment'>}, exclude=None)
2025-11-14 17:17:52,844:INFO:Checking exceptions
2025-11-14 17:17:52,847:INFO:Preparing display monitor
2025-11-14 17:17:52,873:INFO:Initializing Linear Regression
2025-11-14 17:17:52,873:INFO:Total runtime is 3.5524368286132813e-06 minutes
2025-11-14 17:17:52,876:INFO:SubProcess create_model() called ==================================
2025-11-14 17:17:52,876:INFO:Initializing create_model()
2025-11-14 17:17:52,876:INFO:create_model(self=<pycaret.regression.oop.RegressionExperiment object at 0x7a75f850a530>, estimator=lr, fold=KFold(n_splits=3, random_state=None, shuffle=False), round=2, cross_validation=True, predict=True, fit_kwargs={}, groups=None, refit=False, probability_threshold=None, experiment_custom_tags=None, verbose=False, system=False, add_to_model_list=True, metrics=None, display=<pycaret.internal.display.display.CommonDisplay object at 0x7a75869f9150>, model_only=True, return_train_score=False, error_score=0.0, kwargs={})
2025-11-14 17:17:52,876:INFO:Checking exceptions
2025-11-14 17:17:52,876:INFO:Importing libraries
2025-11-14 17:17:52,876:INFO:Copying training dataset
2025-11-14 17:17:52,880:INFO:Defining folds
2025-11-14 17:17:52,880:INFO:Declaring metric variables
2025-11-14 17:17:52,883:INFO:Importing untrained model
2025-11-14 17:17:52,886:INFO:Linear Regression Imported successfully
2025-11-14 17:17:52,892:INFO:Starting cross validation
2025-11-14 17:17:52,893:INFO:Cross validating with KFold(n_splits=3, random_state=None, shuffle=False), n_jobs=-1
2025-11-14 17:17:55,241:INFO:Calculating mean and std
2025-11-14 17:17:55,243:INFO:Creating metrics dataframe
2025-11-14 17:17:55,246:INFO:Uploading results into container
2025-11-14 17:17:55,246:INFO:Uploading model into container now
2025-11-14 17:17:55,247:INFO:_master_model_container: 18
2025-11-14 17:17:55,247:INFO:_display_container: 2
2025-11-14 17:17:55,247:INFO:LinearRegression(n_jobs=-1)
2025-11-14 17:17:55,247:INFO:create_model() successfully completed......................................
2025-11-14 17:17:55,449:INFO:SubProcess create_model() end ==================================
2025-11-14 17:17:55,450:INFO:Creating metrics dataframe
2025-11-14 17:17:55,458:INFO:Initializing Lasso Regression
2025-11-14 17:17:55,458:INFO:Total runtime is 0.04309564034144084 minutes
2025-11-14 17:17:55,462:INFO:SubProcess create_model() called ==================================
2025-11-14 17:17:55,463:INFO:Initializing create_model()
2025-11-14 17:17:55,463:INFO:create_model(self=<pycaret.regression.oop.RegressionExperiment object at 0x7a75f850a530>, estimator=lasso, fold=KFold(n_splits=3, random_state=None, shuffle=False), round=2, cross_validation=True, predict=True, fit_kwargs={}, groups=None, refit=False, probability_threshold=None, experiment_custom_tags=None, verbose=False, system=False, add_to_model_list=True, metrics=None, display=<pycaret.internal.display.display.CommonDisplay object at 0x7a75869f9150>, model_only=True, return_train_score=False, error_score=0.0, kwargs={})
2025-11-14 17:17:55,463:INFO:Checking exceptions
2025-11-14 17:17:55,463:INFO:Importing libraries
2025-11-14 17:17:55,463:INFO:Copying training dataset
2025-11-14 17:17:55,468:INFO:Defining folds
2025-11-14 17:17:55,468:INFO:Declaring metric variables
2025-11-14 17:17:55,472:INFO:Importing untrained model
2025-11-14 17:17:55,476:INFO:Lasso Regression Imported successfully
2025-11-14 17:17:55,486:INFO:Starting cross validation
2025-11-14 17:17:55,487:INFO:Cross validating with KFold(n_splits=3, random_state=None, shuffle=False), n_jobs=-1
2025-11-14 17:17:57,531:INFO:Calculating mean and std
2025-11-14 17:17:57,532:INFO:Creating metrics dataframe
2025-11-14 17:17:57,534:INFO:Uploading results into container
2025-11-14 17:17:57,534:INFO:Uploading model into container now
2025-11-14 17:17:57,535:INFO:_master_model_container: 19
2025-11-14 17:17:57,535:INFO:_display_container: 2
2025-11-14 17:17:57,535:INFO:Lasso(random_state=123)
2025-11-14 17:17:57,535:INFO:create_model() successfully completed......................................
2025-11-14 17:17:57,718:INFO:SubProcess create_model() end ==================================
2025-11-14 17:17:57,718:INFO:Creating metrics dataframe
2025-11-14 17:17:57,726:INFO:Initializing Ridge Regression
2025-11-14 17:17:57,726:INFO:Total runtime is 0.08089172045389811 minutes
2025-11-14 17:17:57,731:INFO:SubProcess create_model() called ==================================
2025-11-14 17:17:57,731:INFO:Initializing create_model()
2025-11-14 17:17:57,731:INFO:create_model(self=<pycaret.regression.oop.RegressionExperiment object at 0x7a75f850a530>, estimator=ridge, fold=KFold(n_splits=3, random_state=None, shuffle=False), round=2, cross_validation=True, predict=True, fit_kwargs={}, groups=None, refit=False, probability_threshold=None, experiment_custom_tags=None, verbose=False, system=False, add_to_model_list=True, metrics=None, display=<pycaret.internal.display.display.CommonDisplay object at 0x7a75869f9150>, model_only=True, return_train_score=False, error_score=0.0, kwargs={})
2025-11-14 17:17:57,732:INFO:Checking exceptions
2025-11-14 17:17:57,732:INFO:Importing libraries
2025-11-14 17:17:57,732:INFO:Copying training dataset
2025-11-14 17:17:57,739:INFO:Defining folds
2025-11-14 17:17:57,739:INFO:Declaring metric variables
2025-11-14 17:17:57,743:INFO:Importing untrained model
2025-11-14 17:17:57,748:INFO:Ridge Regression Imported successfully
2025-11-14 17:17:57,753:INFO:Starting cross validation
2025-11-14 17:17:57,754:INFO:Cross validating with KFold(n_splits=3, random_state=None, shuffle=False), n_jobs=-1
2025-11-14 17:17:59,647:INFO:Calculating mean and std
2025-11-14 17:17:59,648:INFO:Creating metrics dataframe
2025-11-14 17:17:59,651:INFO:Uploading results into container
2025-11-14 17:17:59,651:INFO:Uploading model into container now
2025-11-14 17:17:59,651:INFO:_master_model_container: 20
2025-11-14 17:17:59,652:INFO:_display_container: 2
2025-11-14 17:17:59,652:INFO:Ridge(random_state=123)
2025-11-14 17:17:59,652:INFO:create_model() successfully completed......................................
2025-11-14 17:17:59,840:INFO:SubProcess create_model() end ==================================
2025-11-14 17:17:59,840:INFO:Creating metrics dataframe
2025-11-14 17:17:59,848:INFO:Initializing Elastic Net
2025-11-14 17:17:59,849:INFO:Total runtime is 0.11626919507980346 minutes
2025-11-14 17:17:59,852:INFO:SubProcess create_model() called ==================================
2025-11-14 17:17:59,853:INFO:Initializing create_model()
2025-11-14 17:17:59,853:INFO:create_model(self=<pycaret.regression.oop.RegressionExperiment object at 0x7a75f850a530>, estimator=en, fold=KFold(n_splits=3, random_state=None, shuffle=False), round=2, cross_validation=True, predict=True, fit_kwargs={}, groups=None, refit=False, probability_threshold=None, experiment_custom_tags=None, verbose=False, system=False, add_to_model_list=True, metrics=None, display=<pycaret.internal.display.display.CommonDisplay object at 0x7a75869f9150>, model_only=True, return_train_score=False, error_score=0.0, kwargs={})
2025-11-14 17:17:59,853:INFO:Checking exceptions
2025-11-14 17:17:59,853:INFO:Importing libraries
2025-11-14 17:17:59,853:INFO:Copying training dataset
2025-11-14 17:17:59,857:INFO:Defining folds
2025-11-14 17:17:59,858:INFO:Declaring metric variables
2025-11-14 17:17:59,861:INFO:Importing untrained model
2025-11-14 17:17:59,864:INFO:Elastic Net Imported successfully
2025-11-14 17:17:59,872:INFO:Starting cross validation
2025-11-14 17:17:59,873:INFO:Cross validating with KFold(n_splits=3, random_state=None, shuffle=False), n_jobs=-1
2025-11-14 17:17:59,928:INFO:Calculating mean and std
2025-11-14 17:17:59,929:INFO:Creating metrics dataframe
2025-11-14 17:17:59,931:INFO:Uploading results into container
2025-11-14 17:17:59,931:INFO:Uploading model into container now
2025-11-14 17:17:59,931:INFO:_master_model_container: 21
2025-11-14 17:17:59,931:INFO:_display_container: 2
2025-11-14 17:17:59,932:INFO:ElasticNet(random_state=123)
2025-11-14 17:17:59,932:INFO:create_model() successfully completed......................................
2025-11-14 17:18:00,128:INFO:SubProcess create_model() end ==================================
2025-11-14 17:18:00,128:INFO:Creating metrics dataframe
2025-11-14 17:18:00,135:INFO:Initializing Least Angle Regression
2025-11-14 17:18:00,135:INFO:Total runtime is 0.12104246616363525 minutes
2025-11-14 17:18:00,138:INFO:SubProcess create_model() called ==================================
2025-11-14 17:18:00,139:INFO:Initializing create_model()
2025-11-14 17:18:00,139:INFO:create_model(self=<pycaret.regression.oop.RegressionExperiment object at 0x7a75f850a530>, estimator=lar, fold=KFold(n_splits=3, random_state=None, shuffle=False), round=2, cross_validation=True, predict=True, fit_kwargs={}, groups=None, refit=False, probability_threshold=None, experiment_custom_tags=None, verbose=False, system=False, add_to_model_list=True, metrics=None, display=<pycaret.internal.display.display.CommonDisplay object at 0x7a75869f9150>, model_only=True, return_train_score=False, error_score=0.0, kwargs={})
2025-11-14 17:18:00,139:INFO:Checking exceptions
2025-11-14 17:18:00,139:INFO:Importing libraries
2025-11-14 17:18:00,139:INFO:Copying training dataset
2025-11-14 17:18:00,144:INFO:Defining folds
2025-11-14 17:18:00,144:INFO:Declaring metric variables
2025-11-14 17:18:00,148:INFO:Importing untrained model
2025-11-14 17:18:00,151:INFO:Least Angle Regression Imported successfully
2025-11-14 17:18:00,156:INFO:Starting cross validation
2025-11-14 17:18:00,157:INFO:Cross validating with KFold(n_splits=3, random_state=None, shuffle=False), n_jobs=-1
2025-11-14 17:18:00,210:INFO:Calculating mean and std
2025-11-14 17:18:00,211:INFO:Creating metrics dataframe
2025-11-14 17:18:00,213:INFO:Uploading results into container
2025-11-14 17:18:00,213:INFO:Uploading model into container now
2025-11-14 17:18:00,214:INFO:_master_model_container: 22
2025-11-14 17:18:00,214:INFO:_display_container: 2
2025-11-14 17:18:00,214:INFO:Lars(random_state=123)
2025-11-14 17:18:00,214:INFO:create_model() successfully completed......................................
2025-11-14 17:18:00,404:INFO:SubProcess create_model() end ==================================
2025-11-14 17:18:00,404:INFO:Creating metrics dataframe
2025-11-14 17:18:00,411:INFO:Initializing Lasso Least Angle Regression
2025-11-14 17:18:00,412:INFO:Total runtime is 0.12565100193023682 minutes
2025-11-14 17:18:00,415:INFO:SubProcess create_model() called ==================================
2025-11-14 17:18:00,415:INFO:Initializing create_model()
2025-11-14 17:18:00,415:INFO:create_model(self=<pycaret.regression.oop.RegressionExperiment object at 0x7a75f850a530>, estimator=llar, fold=KFold(n_splits=3, random_state=None, shuffle=False), round=2, cross_validation=True, predict=True, fit_kwargs={}, groups=None, refit=False, probability_threshold=None, experiment_custom_tags=None, verbose=False, system=False, add_to_model_list=True, metrics=None, display=<pycaret.internal.display.display.CommonDisplay object at 0x7a75869f9150>, model_only=True, return_train_score=False, error_score=0.0, kwargs={})
2025-11-14 17:18:00,415:INFO:Checking exceptions
2025-11-14 17:18:00,415:INFO:Importing libraries
2025-11-14 17:18:00,415:INFO:Copying training dataset
2025-11-14 17:18:00,420:INFO:Defining folds
2025-11-14 17:18:00,420:INFO:Declaring metric variables
2025-11-14 17:18:00,424:INFO:Importing untrained model
2025-11-14 17:18:00,428:INFO:Lasso Least Angle Regression Imported successfully
2025-11-14 17:18:00,434:INFO:Starting cross validation
2025-11-14 17:18:00,436:INFO:Cross validating with KFold(n_splits=3, random_state=None, shuffle=False), n_jobs=-1
2025-11-14 17:18:00,495:INFO:Calculating mean and std
2025-11-14 17:18:00,496:INFO:Creating metrics dataframe
2025-11-14 17:18:00,498:INFO:Uploading results into container
2025-11-14 17:18:00,498:INFO:Uploading model into container now
2025-11-14 17:18:00,498:INFO:_master_model_container: 23
2025-11-14 17:18:00,498:INFO:_display_container: 2
2025-11-14 17:18:00,499:INFO:LassoLars(random_state=123)
2025-11-14 17:18:00,499:INFO:create_model() successfully completed......................................
2025-11-14 17:18:00,689:INFO:SubProcess create_model() end ==================================
2025-11-14 17:18:00,689:INFO:Creating metrics dataframe
2025-11-14 17:18:00,696:INFO:Initializing Orthogonal Matching Pursuit
2025-11-14 17:18:00,696:INFO:Total runtime is 0.13038909832636517 minutes
2025-11-14 17:18:00,699:INFO:SubProcess create_model() called ==================================
2025-11-14 17:18:00,699:INFO:Initializing create_model()
2025-11-14 17:18:00,699:INFO:create_model(self=<pycaret.regression.oop.RegressionExperiment object at 0x7a75f850a530>, estimator=omp, fold=KFold(n_splits=3, random_state=None, shuffle=False), round=2, cross_validation=True, predict=True, fit_kwargs={}, groups=None, refit=False, probability_threshold=None, experiment_custom_tags=None, verbose=False, system=False, add_to_model_list=True, metrics=None, display=<pycaret.internal.display.display.CommonDisplay object at 0x7a75869f9150>, model_only=True, return_train_score=False, error_score=0.0, kwargs={})
2025-11-14 17:18:00,699:INFO:Checking exceptions
2025-11-14 17:18:00,699:INFO:Importing libraries
2025-11-14 17:18:00,699:INFO:Copying training dataset
2025-11-14 17:18:00,703:INFO:Defining folds
2025-11-14 17:18:00,704:INFO:Declaring metric variables
2025-11-14 17:18:00,707:INFO:Importing untrained model
2025-11-14 17:18:00,710:INFO:Orthogonal Matching Pursuit Imported successfully
2025-11-14 17:18:00,716:INFO:Starting cross validation
2025-11-14 17:18:00,717:INFO:Cross validating with KFold(n_splits=3, random_state=None, shuffle=False), n_jobs=-1
2025-11-14 17:18:00,771:INFO:Calculating mean and std
2025-11-14 17:18:00,771:INFO:Creating metrics dataframe
2025-11-14 17:18:00,773:INFO:Uploading results into container
2025-11-14 17:18:00,773:INFO:Uploading model into container now
2025-11-14 17:18:00,774:INFO:_master_model_container: 24
2025-11-14 17:18:00,774:INFO:_display_container: 2
2025-11-14 17:18:00,774:INFO:OrthogonalMatchingPursuit()
2025-11-14 17:18:00,774:INFO:create_model() successfully completed......................................
2025-11-14 17:18:00,969:INFO:SubProcess create_model() end ==================================
2025-11-14 17:18:00,969:INFO:Creating metrics dataframe
2025-11-14 17:18:00,977:INFO:Initializing Bayesian Ridge
2025-11-14 17:18:00,977:INFO:Total runtime is 0.13507619698842369 minutes
2025-11-14 17:18:00,980:INFO:SubProcess create_model() called ==================================
2025-11-14 17:18:00,980:INFO:Initializing create_model()
2025-11-14 17:18:00,980:INFO:create_model(self=<pycaret.regression.oop.RegressionExperiment object at 0x7a75f850a530>, estimator=br, fold=KFold(n_splits=3, random_state=None, shuffle=False), round=2, cross_validation=True, predict=True, fit_kwargs={}, groups=None, refit=False, probability_threshold=None, experiment_custom_tags=None, verbose=False, system=False, add_to_model_list=True, metrics=None, display=<pycaret.internal.display.display.CommonDisplay object at 0x7a75869f9150>, model_only=True, return_train_score=False, error_score=0.0, kwargs={})
2025-11-14 17:18:00,980:INFO:Checking exceptions
2025-11-14 17:18:00,980:INFO:Importing libraries
2025-11-14 17:18:00,980:INFO:Copying training dataset
2025-11-14 17:18:00,985:INFO:Defining folds
2025-11-14 17:18:00,985:INFO:Declaring metric variables
2025-11-14 17:18:00,989:INFO:Importing untrained model
2025-11-14 17:18:00,992:INFO:Bayesian Ridge Imported successfully
2025-11-14 17:18:00,998:INFO:Starting cross validation
2025-11-14 17:18:00,999:INFO:Cross validating with KFold(n_splits=3, random_state=None, shuffle=False), n_jobs=-1
2025-11-14 17:18:01,045:INFO:Calculating mean and std
2025-11-14 17:18:01,046:INFO:Creating metrics dataframe
2025-11-14 17:18:01,048:INFO:Uploading results into container
2025-11-14 17:18:01,049:INFO:Uploading model into container now
2025-11-14 17:18:01,049:INFO:_master_model_container: 25
2025-11-14 17:18:01,049:INFO:_display_container: 2
2025-11-14 17:18:01,049:INFO:BayesianRidge()
2025-11-14 17:18:01,049:INFO:create_model() successfully completed......................................
2025-11-14 17:18:01,243:INFO:SubProcess create_model() end ==================================
2025-11-14 17:18:01,243:INFO:Creating metrics dataframe
2025-11-14 17:18:01,251:INFO:Initializing Passive Aggressive Regressor
2025-11-14 17:18:01,251:INFO:Total runtime is 0.13963529666264854 minutes
2025-11-14 17:18:01,253:INFO:SubProcess create_model() called ==================================
2025-11-14 17:18:01,254:INFO:Initializing create_model()
2025-11-14 17:18:01,254:INFO:create_model(self=<pycaret.regression.oop.RegressionExperiment object at 0x7a75f850a530>, estimator=par, fold=KFold(n_splits=3, random_state=None, shuffle=False), round=2, cross_validation=True, predict=True, fit_kwargs={}, groups=None, refit=False, probability_threshold=None, experiment_custom_tags=None, verbose=False, system=False, add_to_model_list=True, metrics=None, display=<pycaret.internal.display.display.CommonDisplay object at 0x7a75869f9150>, model_only=True, return_train_score=False, error_score=0.0, kwargs={})
2025-11-14 17:18:01,254:INFO:Checking exceptions
2025-11-14 17:18:01,254:INFO:Importing libraries
2025-11-14 17:18:01,254:INFO:Copying training dataset
2025-11-14 17:18:01,258:INFO:Defining folds
2025-11-14 17:18:01,259:INFO:Declaring metric variables
2025-11-14 17:18:01,262:INFO:Importing untrained model
2025-11-14 17:18:01,266:INFO:Passive Aggressive Regressor Imported successfully
2025-11-14 17:18:01,271:INFO:Starting cross validation
2025-11-14 17:18:01,272:INFO:Cross validating with KFold(n_splits=3, random_state=None, shuffle=False), n_jobs=-1
2025-11-14 17:18:01,319:INFO:Calculating mean and std
2025-11-14 17:18:01,319:INFO:Creating metrics dataframe
2025-11-14 17:18:01,321:INFO:Uploading results into container
2025-11-14 17:18:01,322:INFO:Uploading model into container now
2025-11-14 17:18:01,322:INFO:_master_model_container: 26
2025-11-14 17:18:01,322:INFO:_display_container: 2
2025-11-14 17:18:01,323:INFO:PassiveAggressiveRegressor(random_state=123)
2025-11-14 17:18:01,323:INFO:create_model() successfully completed......................................
2025-11-14 17:18:01,517:INFO:SubProcess create_model() end ==================================
2025-11-14 17:18:01,517:INFO:Creating metrics dataframe
2025-11-14 17:18:01,525:INFO:Initializing Huber Regressor
2025-11-14 17:18:01,525:INFO:Total runtime is 0.14420646429061892 minutes
2025-11-14 17:18:01,528:INFO:SubProcess create_model() called ==================================
2025-11-14 17:18:01,528:INFO:Initializing create_model()
2025-11-14 17:18:01,528:INFO:create_model(self=<pycaret.regression.oop.RegressionExperiment object at 0x7a75f850a530>, estimator=huber, fold=KFold(n_splits=3, random_state=None, shuffle=False), round=2, cross_validation=True, predict=True, fit_kwargs={}, groups=None, refit=False, probability_threshold=None, experiment_custom_tags=None, verbose=False, system=False, add_to_model_list=True, metrics=None, display=<pycaret.internal.display.display.CommonDisplay object at 0x7a75869f9150>, model_only=True, return_train_score=False, error_score=0.0, kwargs={})
2025-11-14 17:18:01,528:INFO:Checking exceptions
2025-11-14 17:18:01,528:INFO:Importing libraries
2025-11-14 17:18:01,528:INFO:Copying training dataset
2025-11-14 17:18:01,532:INFO:Defining folds
2025-11-14 17:18:01,533:INFO:Declaring metric variables
2025-11-14 17:18:01,536:INFO:Importing untrained model
2025-11-14 17:18:01,539:INFO:Huber Regressor Imported successfully
2025-11-14 17:18:01,544:INFO:Starting cross validation
2025-11-14 17:18:01,545:INFO:Cross validating with KFold(n_splits=3, random_state=None, shuffle=False), n_jobs=-1
2025-11-14 17:18:01,591:WARNING:/media/aria/SSD/anaconda/envs/py310/lib/python3.10/site-packages/sklearn/linear_model/_huber.py:342: ConvergenceWarning: lbfgs failed to converge (status=1):
STOP: TOTAL NO. of ITERATIONS REACHED LIMIT.

Increase the number of iterations (max_iter) or scale the data as shown in:
    https://scikit-learn.org/stable/modules/preprocessing.html
  self.n_iter_ = _check_optimize_result("lbfgs", opt_res, self.max_iter)

2025-11-14 17:18:01,593:WARNING:/media/aria/SSD/anaconda/envs/py310/lib/python3.10/site-packages/sklearn/linear_model/_huber.py:342: ConvergenceWarning: lbfgs failed to converge (status=1):
STOP: TOTAL NO. of ITERATIONS REACHED LIMIT.

Increase the number of iterations (max_iter) or scale the data as shown in:
    https://scikit-learn.org/stable/modules/preprocessing.html
  self.n_iter_ = _check_optimize_result("lbfgs", opt_res, self.max_iter)

2025-11-14 17:18:01,608:WARNING:/media/aria/SSD/anaconda/envs/py310/lib/python3.10/site-packages/sklearn/linear_model/_huber.py:342: ConvergenceWarning: lbfgs failed to converge (status=1):
STOP: TOTAL NO. of ITERATIONS REACHED LIMIT.

Increase the number of iterations (max_iter) or scale the data as shown in:
    https://scikit-learn.org/stable/modules/preprocessing.html
  self.n_iter_ = _check_optimize_result("lbfgs", opt_res, self.max_iter)

2025-11-14 17:18:01,621:INFO:Calculating mean and std
2025-11-14 17:18:01,621:INFO:Creating metrics dataframe
2025-11-14 17:18:01,623:INFO:Uploading results into container
2025-11-14 17:18:01,624:INFO:Uploading model into container now
2025-11-14 17:18:01,624:INFO:_master_model_container: 27
2025-11-14 17:18:01,624:INFO:_display_container: 2
2025-11-14 17:18:01,624:INFO:HuberRegressor()
2025-11-14 17:18:01,624:INFO:create_model() successfully completed......................................
2025-11-14 17:18:01,815:INFO:SubProcess create_model() end ==================================
2025-11-14 17:18:01,816:INFO:Creating metrics dataframe
2025-11-14 17:18:01,824:INFO:Initializing K Neighbors Regressor
2025-11-14 17:18:01,824:INFO:Total runtime is 0.14918721516927086 minutes
2025-11-14 17:18:01,827:INFO:SubProcess create_model() called ==================================
2025-11-14 17:18:01,827:INFO:Initializing create_model()
2025-11-14 17:18:01,827:INFO:create_model(self=<pycaret.regression.oop.RegressionExperiment object at 0x7a75f850a530>, estimator=knn, fold=KFold(n_splits=3, random_state=None, shuffle=False), round=2, cross_validation=True, predict=True, fit_kwargs={}, groups=None, refit=False, probability_threshold=None, experiment_custom_tags=None, verbose=False, system=False, add_to_model_list=True, metrics=None, display=<pycaret.internal.display.display.CommonDisplay object at 0x7a75869f9150>, model_only=True, return_train_score=False, error_score=0.0, kwargs={})
2025-11-14 17:18:01,827:INFO:Checking exceptions
2025-11-14 17:18:01,827:INFO:Importing libraries
2025-11-14 17:18:01,827:INFO:Copying training dataset
2025-11-14 17:18:01,832:INFO:Defining folds
2025-11-14 17:18:01,832:INFO:Declaring metric variables
2025-11-14 17:18:01,835:INFO:Importing untrained model
2025-11-14 17:18:01,839:INFO:K Neighbors Regressor Imported successfully
2025-11-14 17:18:01,844:INFO:Starting cross validation
2025-11-14 17:18:01,845:INFO:Cross validating with KFold(n_splits=3, random_state=None, shuffle=False), n_jobs=-1
2025-11-14 17:18:01,901:INFO:Calculating mean and std
2025-11-14 17:18:01,902:INFO:Creating metrics dataframe
2025-11-14 17:18:01,904:INFO:Uploading results into container
2025-11-14 17:18:01,904:INFO:Uploading model into container now
2025-11-14 17:18:01,904:INFO:_master_model_container: 28
2025-11-14 17:18:01,905:INFO:_display_container: 2
2025-11-14 17:18:01,905:INFO:KNeighborsRegressor(n_jobs=-1)
2025-11-14 17:18:01,905:INFO:create_model() successfully completed......................................
2025-11-14 17:18:02,094:INFO:SubProcess create_model() end ==================================
2025-11-14 17:18:02,094:INFO:Creating metrics dataframe
2025-11-14 17:18:02,105:INFO:Initializing Decision Tree Regressor
2025-11-14 17:18:02,105:INFO:Total runtime is 0.153876797358195 minutes
2025-11-14 17:18:02,109:INFO:SubProcess create_model() called ==================================
2025-11-14 17:18:02,109:INFO:Initializing create_model()
2025-11-14 17:18:02,110:INFO:create_model(self=<pycaret.regression.oop.RegressionExperiment object at 0x7a75f850a530>, estimator=dt, fold=KFold(n_splits=3, random_state=None, shuffle=False), round=2, cross_validation=True, predict=True, fit_kwargs={}, groups=None, refit=False, probability_threshold=None, experiment_custom_tags=None, verbose=False, system=False, add_to_model_list=True, metrics=None, display=<pycaret.internal.display.display.CommonDisplay object at 0x7a75869f9150>, model_only=True, return_train_score=False, error_score=0.0, kwargs={})
2025-11-14 17:18:02,110:INFO:Checking exceptions
2025-11-14 17:18:02,110:INFO:Importing libraries
2025-11-14 17:18:02,110:INFO:Copying training dataset
2025-11-14 17:18:02,115:INFO:Defining folds
2025-11-14 17:18:02,115:INFO:Declaring metric variables
2025-11-14 17:18:02,118:INFO:Importing untrained model
2025-11-14 17:18:02,123:INFO:Decision Tree Regressor Imported successfully
2025-11-14 17:18:02,132:INFO:Starting cross validation
2025-11-14 17:18:02,133:INFO:Cross validating with KFold(n_splits=3, random_state=None, shuffle=False), n_jobs=-1
2025-11-14 17:18:02,185:INFO:Calculating mean and std
2025-11-14 17:18:02,185:INFO:Creating metrics dataframe
2025-11-14 17:18:02,187:INFO:Uploading results into container
2025-11-14 17:18:02,187:INFO:Uploading model into container now
2025-11-14 17:18:02,188:INFO:_master_model_container: 29
2025-11-14 17:18:02,188:INFO:_display_container: 2
2025-11-14 17:18:02,188:INFO:DecisionTreeRegressor(random_state=123)
2025-11-14 17:18:02,188:INFO:create_model() successfully completed......................................
2025-11-14 17:18:02,384:INFO:SubProcess create_model() end ==================================
2025-11-14 17:18:02,384:INFO:Creating metrics dataframe
2025-11-14 17:18:02,392:INFO:Initializing Random Forest Regressor
2025-11-14 17:18:02,393:INFO:Total runtime is 0.15866897106170658 minutes
2025-11-14 17:18:02,396:INFO:SubProcess create_model() called ==================================
2025-11-14 17:18:02,396:INFO:Initializing create_model()
2025-11-14 17:18:02,396:INFO:create_model(self=<pycaret.regression.oop.RegressionExperiment object at 0x7a75f850a530>, estimator=rf, fold=KFold(n_splits=3, random_state=None, shuffle=False), round=2, cross_validation=True, predict=True, fit_kwargs={}, groups=None, refit=False, probability_threshold=None, experiment_custom_tags=None, verbose=False, system=False, add_to_model_list=True, metrics=None, display=<pycaret.internal.display.display.CommonDisplay object at 0x7a75869f9150>, model_only=True, return_train_score=False, error_score=0.0, kwargs={})
2025-11-14 17:18:02,396:INFO:Checking exceptions
2025-11-14 17:18:02,396:INFO:Importing libraries
2025-11-14 17:18:02,397:INFO:Copying training dataset
2025-11-14 17:18:02,404:INFO:Defining folds
2025-11-14 17:18:02,404:INFO:Declaring metric variables
2025-11-14 17:18:02,409:INFO:Importing untrained model
2025-11-14 17:18:02,413:INFO:Random Forest Regressor Imported successfully
2025-11-14 17:18:02,419:INFO:Starting cross validation
2025-11-14 17:18:02,420:INFO:Cross validating with KFold(n_splits=3, random_state=None, shuffle=False), n_jobs=-1
2025-11-14 17:18:02,697:INFO:Calculating mean and std
2025-11-14 17:18:02,699:INFO:Creating metrics dataframe
2025-11-14 17:18:02,701:INFO:Uploading results into container
2025-11-14 17:18:02,701:INFO:Uploading model into container now
2025-11-14 17:18:02,701:INFO:_master_model_container: 30
2025-11-14 17:18:02,701:INFO:_display_container: 2
2025-11-14 17:18:02,702:INFO:RandomForestRegressor(n_jobs=-1, random_state=123)
2025-11-14 17:18:02,702:INFO:create_model() successfully completed......................................
2025-11-14 17:18:02,882:INFO:SubProcess create_model() end ==================================
2025-11-14 17:18:02,882:INFO:Creating metrics dataframe
2025-11-14 17:18:02,892:INFO:Initializing Extra Trees Regressor
2025-11-14 17:18:02,893:INFO:Total runtime is 0.16700114409128827 minutes
2025-11-14 17:18:02,898:INFO:SubProcess create_model() called ==================================
2025-11-14 17:18:02,899:INFO:Initializing create_model()
2025-11-14 17:18:02,899:INFO:create_model(self=<pycaret.regression.oop.RegressionExperiment object at 0x7a75f850a530>, estimator=et, fold=KFold(n_splits=3, random_state=None, shuffle=False), round=2, cross_validation=True, predict=True, fit_kwargs={}, groups=None, refit=False, probability_threshold=None, experiment_custom_tags=None, verbose=False, system=False, add_to_model_list=True, metrics=None, display=<pycaret.internal.display.display.CommonDisplay object at 0x7a75869f9150>, model_only=True, return_train_score=False, error_score=0.0, kwargs={})
2025-11-14 17:18:02,899:INFO:Checking exceptions
2025-11-14 17:18:02,899:INFO:Importing libraries
2025-11-14 17:18:02,899:INFO:Copying training dataset
2025-11-14 17:18:02,908:INFO:Defining folds
2025-11-14 17:18:02,909:INFO:Declaring metric variables
2025-11-14 17:18:02,915:INFO:Importing untrained model
2025-11-14 17:18:02,922:INFO:Extra Trees Regressor Imported successfully
2025-11-14 17:18:02,931:INFO:Starting cross validation
2025-11-14 17:18:02,933:INFO:Cross validating with KFold(n_splits=3, random_state=None, shuffle=False), n_jobs=-1
2025-11-14 17:18:03,159:INFO:Calculating mean and std
2025-11-14 17:18:03,160:INFO:Creating metrics dataframe
2025-11-14 17:18:03,162:INFO:Uploading results into container
2025-11-14 17:18:03,162:INFO:Uploading model into container now
2025-11-14 17:18:03,163:INFO:_master_model_container: 31
2025-11-14 17:18:03,163:INFO:_display_container: 2
2025-11-14 17:18:03,163:INFO:ExtraTreesRegressor(n_jobs=-1, random_state=123)
2025-11-14 17:18:03,163:INFO:create_model() successfully completed......................................
2025-11-14 17:18:03,369:INFO:SubProcess create_model() end ==================================
2025-11-14 17:18:03,370:INFO:Creating metrics dataframe
2025-11-14 17:18:03,379:INFO:Initializing AdaBoost Regressor
2025-11-14 17:18:03,379:INFO:Total runtime is 0.1751071373621623 minutes
2025-11-14 17:18:03,382:INFO:SubProcess create_model() called ==================================
2025-11-14 17:18:03,383:INFO:Initializing create_model()
2025-11-14 17:18:03,383:INFO:create_model(self=<pycaret.regression.oop.RegressionExperiment object at 0x7a75f850a530>, estimator=ada, fold=KFold(n_splits=3, random_state=None, shuffle=False), round=2, cross_validation=True, predict=True, fit_kwargs={}, groups=None, refit=False, probability_threshold=None, experiment_custom_tags=None, verbose=False, system=False, add_to_model_list=True, metrics=None, display=<pycaret.internal.display.display.CommonDisplay object at 0x7a75869f9150>, model_only=True, return_train_score=False, error_score=0.0, kwargs={})
2025-11-14 17:18:03,383:INFO:Checking exceptions
2025-11-14 17:18:03,383:INFO:Importing libraries
2025-11-14 17:18:03,383:INFO:Copying training dataset
2025-11-14 17:18:03,388:INFO:Defining folds
2025-11-14 17:18:03,388:INFO:Declaring metric variables
2025-11-14 17:18:03,392:INFO:Importing untrained model
2025-11-14 17:18:03,396:INFO:AdaBoost Regressor Imported successfully
2025-11-14 17:18:03,403:INFO:Starting cross validation
2025-11-14 17:18:03,404:INFO:Cross validating with KFold(n_splits=3, random_state=None, shuffle=False), n_jobs=-1
2025-11-14 17:18:03,526:INFO:Calculating mean and std
2025-11-14 17:18:03,527:INFO:Creating metrics dataframe
2025-11-14 17:18:03,530:INFO:Uploading results into container
2025-11-14 17:18:03,531:INFO:Uploading model into container now
2025-11-14 17:18:03,531:INFO:_master_model_container: 32
2025-11-14 17:18:03,532:INFO:_display_container: 2
2025-11-14 17:18:03,532:INFO:AdaBoostRegressor(random_state=123)
2025-11-14 17:18:03,532:INFO:create_model() successfully completed......................................
2025-11-14 17:18:03,724:INFO:SubProcess create_model() end ==================================
2025-11-14 17:18:03,724:INFO:Creating metrics dataframe
2025-11-14 17:18:03,733:INFO:Initializing Gradient Boosting Regressor
2025-11-14 17:18:03,733:INFO:Total runtime is 0.18100256125132244 minutes
2025-11-14 17:18:03,735:INFO:SubProcess create_model() called ==================================
2025-11-14 17:18:03,736:INFO:Initializing create_model()
2025-11-14 17:18:03,736:INFO:create_model(self=<pycaret.regression.oop.RegressionExperiment object at 0x7a75f850a530>, estimator=gbr, fold=KFold(n_splits=3, random_state=None, shuffle=False), round=2, cross_validation=True, predict=True, fit_kwargs={}, groups=None, refit=False, probability_threshold=None, experiment_custom_tags=None, verbose=False, system=False, add_to_model_list=True, metrics=None, display=<pycaret.internal.display.display.CommonDisplay object at 0x7a75869f9150>, model_only=True, return_train_score=False, error_score=0.0, kwargs={})
2025-11-14 17:18:03,736:INFO:Checking exceptions
2025-11-14 17:18:03,736:INFO:Importing libraries
2025-11-14 17:18:03,736:INFO:Copying training dataset
2025-11-14 17:18:03,740:INFO:Defining folds
2025-11-14 17:18:03,740:INFO:Declaring metric variables
2025-11-14 17:18:03,744:INFO:Importing untrained model
2025-11-14 17:18:03,747:INFO:Gradient Boosting Regressor Imported successfully
2025-11-14 17:18:03,752:INFO:Starting cross validation
2025-11-14 17:18:03,753:INFO:Cross validating with KFold(n_splits=3, random_state=None, shuffle=False), n_jobs=-1
2025-11-14 17:18:03,920:INFO:Calculating mean and std
2025-11-14 17:18:03,922:INFO:Creating metrics dataframe
2025-11-14 17:18:03,924:INFO:Uploading results into container
2025-11-14 17:18:03,925:INFO:Uploading model into container now
2025-11-14 17:18:03,925:INFO:_master_model_container: 33
2025-11-14 17:18:03,926:INFO:_display_container: 2
2025-11-14 17:18:03,926:INFO:GradientBoostingRegressor(random_state=123)
2025-11-14 17:18:03,926:INFO:create_model() successfully completed......................................
2025-11-14 17:18:04,112:INFO:SubProcess create_model() end ==================================
2025-11-14 17:18:04,112:INFO:Creating metrics dataframe
2025-11-14 17:18:04,122:INFO:Initializing Extreme Gradient Boosting
2025-11-14 17:18:04,122:INFO:Total runtime is 0.18748677174250286 minutes
2025-11-14 17:18:04,125:INFO:SubProcess create_model() called ==================================
2025-11-14 17:18:04,125:INFO:Initializing create_model()
2025-11-14 17:18:04,126:INFO:create_model(self=<pycaret.regression.oop.RegressionExperiment object at 0x7a75f850a530>, estimator=xgboost, fold=KFold(n_splits=3, random_state=None, shuffle=False), round=2, cross_validation=True, predict=True, fit_kwargs={}, groups=None, refit=False, probability_threshold=None, experiment_custom_tags=None, verbose=False, system=False, add_to_model_list=True, metrics=None, display=<pycaret.internal.display.display.CommonDisplay object at 0x7a75869f9150>, model_only=True, return_train_score=False, error_score=0.0, kwargs={})
2025-11-14 17:18:04,126:INFO:Checking exceptions
2025-11-14 17:18:04,126:INFO:Importing libraries
2025-11-14 17:18:04,126:INFO:Copying training dataset
2025-11-14 17:18:04,130:INFO:Defining folds
2025-11-14 17:18:04,130:INFO:Declaring metric variables
2025-11-14 17:18:04,134:INFO:Importing untrained model
2025-11-14 17:18:04,138:INFO:Extreme Gradient Boosting Imported successfully
2025-11-14 17:18:04,143:INFO:Starting cross validation
2025-11-14 17:18:04,144:INFO:Cross validating with KFold(n_splits=3, random_state=None, shuffle=False), n_jobs=-1
2025-11-14 17:18:04,312:INFO:Calculating mean and std
2025-11-14 17:18:04,313:INFO:Creating metrics dataframe
2025-11-14 17:18:04,315:INFO:Uploading results into container
2025-11-14 17:18:04,316:INFO:Uploading model into container now
2025-11-14 17:18:04,316:INFO:_master_model_container: 34
2025-11-14 17:18:04,316:INFO:_display_container: 2
2025-11-14 17:18:04,318:INFO:XGBRegressor(base_score=None, booster='gbtree', callbacks=None,
             colsample_bylevel=None, colsample_bynode=None,
             colsample_bytree=None, device='cpu', early_stopping_rounds=None,
             enable_categorical=False, eval_metric=None, feature_types=None,
             feature_weights=None, gamma=None, grow_policy=None,
             importance_type=None, interaction_constraints=None,
             learning_rate=None, max_bin=None, max_cat_threshold=None,
             max_cat_to_onehot=None, max_delta_step=None, max_depth=None,
             max_leaves=None, min_child_weight=None, missing=nan,
             monotone_constraints=None, multi_strategy=None, n_estimators=None,
             n_jobs=-1, num_parallel_tree=None, ...)
2025-11-14 17:18:04,318:INFO:create_model() successfully completed......................................
2025-11-14 17:18:04,503:INFO:SubProcess create_model() end ==================================
2025-11-14 17:18:04,504:INFO:Creating metrics dataframe
2025-11-14 17:18:04,514:INFO:Initializing Light Gradient Boosting Machine
2025-11-14 17:18:04,514:INFO:Total runtime is 0.19402701854705812 minutes
2025-11-14 17:18:04,517:INFO:SubProcess create_model() called ==================================
2025-11-14 17:18:04,518:INFO:Initializing create_model()
2025-11-14 17:18:04,518:INFO:create_model(self=<pycaret.regression.oop.RegressionExperiment object at 0x7a75f850a530>, estimator=lightgbm, fold=KFold(n_splits=3, random_state=None, shuffle=False), round=2, cross_validation=True, predict=True, fit_kwargs={}, groups=None, refit=False, probability_threshold=None, experiment_custom_tags=None, verbose=False, system=False, add_to_model_list=True, metrics=None, display=<pycaret.internal.display.display.CommonDisplay object at 0x7a75869f9150>, model_only=True, return_train_score=False, error_score=0.0, kwargs={})
2025-11-14 17:18:04,518:INFO:Checking exceptions
2025-11-14 17:18:04,518:INFO:Importing libraries
2025-11-14 17:18:04,518:INFO:Copying training dataset
2025-11-14 17:18:04,522:INFO:Defining folds
2025-11-14 17:18:04,522:INFO:Declaring metric variables
2025-11-14 17:18:04,525:INFO:Importing untrained model
2025-11-14 17:18:04,529:INFO:Light Gradient Boosting Machine Imported successfully
2025-11-14 17:18:04,536:INFO:Starting cross validation
2025-11-14 17:18:04,537:INFO:Cross validating with KFold(n_splits=3, random_state=None, shuffle=False), n_jobs=-1
2025-11-14 17:18:58,078:INFO:Calculating mean and std
2025-11-14 17:18:58,085:INFO:Creating metrics dataframe
2025-11-14 17:18:58,087:INFO:Uploading results into container
2025-11-14 17:18:58,088:INFO:Uploading model into container now
2025-11-14 17:18:58,088:INFO:_master_model_container: 35
2025-11-14 17:18:58,088:INFO:_display_container: 2
2025-11-14 17:18:58,089:INFO:LGBMRegressor(n_jobs=-1, random_state=123)
2025-11-14 17:18:58,089:INFO:create_model() successfully completed......................................
2025-11-14 17:18:58,279:INFO:SubProcess create_model() end ==================================
2025-11-14 17:18:58,279:INFO:Creating metrics dataframe
2025-11-14 17:18:58,290:INFO:Initializing CatBoost Regressor
2025-11-14 17:18:58,290:INFO:Total runtime is 1.0902875701586405 minutes
2025-11-14 17:18:58,293:INFO:SubProcess create_model() called ==================================
2025-11-14 17:18:58,293:INFO:Initializing create_model()
2025-11-14 17:18:58,293:INFO:create_model(self=<pycaret.regression.oop.RegressionExperiment object at 0x7a75f850a530>, estimator=catboost, fold=KFold(n_splits=3, random_state=None, shuffle=False), round=2, cross_validation=True, predict=True, fit_kwargs={}, groups=None, refit=False, probability_threshold=None, experiment_custom_tags=None, verbose=False, system=False, add_to_model_list=True, metrics=None, display=<pycaret.internal.display.display.CommonDisplay object at 0x7a75869f9150>, model_only=True, return_train_score=False, error_score=0.0, kwargs={})
2025-11-14 17:18:58,293:INFO:Checking exceptions
2025-11-14 17:18:58,293:INFO:Importing libraries
2025-11-14 17:18:58,293:INFO:Copying training dataset
2025-11-14 17:18:58,297:INFO:Defining folds
2025-11-14 17:18:58,298:INFO:Declaring metric variables
2025-11-14 17:18:58,301:INFO:Importing untrained model
2025-11-14 17:18:58,305:INFO:CatBoost Regressor Imported successfully
2025-11-14 17:18:58,311:INFO:Starting cross validation
2025-11-14 17:18:58,313:INFO:Cross validating with KFold(n_splits=3, random_state=None, shuffle=False), n_jobs=-1
2025-11-14 17:19:00,840:INFO:Calculating mean and std
2025-11-14 17:19:00,841:INFO:Creating metrics dataframe
2025-11-14 17:19:00,843:INFO:Uploading results into container
2025-11-14 17:19:00,844:INFO:Uploading model into container now
2025-11-14 17:19:00,844:INFO:_master_model_container: 36
2025-11-14 17:19:00,844:INFO:_display_container: 2
2025-11-14 17:19:00,844:INFO:<catboost.core.CatBoostRegressor object at 0x7a7636bfebf0>
2025-11-14 17:19:00,844:INFO:create_model() successfully completed......................................
2025-11-14 17:19:01,025:INFO:SubProcess create_model() end ==================================
2025-11-14 17:19:01,025:INFO:Creating metrics dataframe
2025-11-14 17:19:01,035:INFO:Initializing Dummy Regressor
2025-11-14 17:19:01,035:INFO:Total runtime is 1.1360408544540406 minutes
2025-11-14 17:19:01,038:INFO:SubProcess create_model() called ==================================
2025-11-14 17:19:01,038:INFO:Initializing create_model()
2025-11-14 17:19:01,038:INFO:create_model(self=<pycaret.regression.oop.RegressionExperiment object at 0x7a75f850a530>, estimator=dummy, fold=KFold(n_splits=3, random_state=None, shuffle=False), round=2, cross_validation=True, predict=True, fit_kwargs={}, groups=None, refit=False, probability_threshold=None, experiment_custom_tags=None, verbose=False, system=False, add_to_model_list=True, metrics=None, display=<pycaret.internal.display.display.CommonDisplay object at 0x7a75869f9150>, model_only=True, return_train_score=False, error_score=0.0, kwargs={})
2025-11-14 17:19:01,038:INFO:Checking exceptions
2025-11-14 17:19:01,038:INFO:Importing libraries
2025-11-14 17:19:01,038:INFO:Copying training dataset
2025-11-14 17:19:01,042:INFO:Defining folds
2025-11-14 17:19:01,043:INFO:Declaring metric variables
2025-11-14 17:19:01,046:INFO:Importing untrained model
2025-11-14 17:19:01,049:INFO:Dummy Regressor Imported successfully
2025-11-14 17:19:01,054:INFO:Starting cross validation
2025-11-14 17:19:01,055:INFO:Cross validating with KFold(n_splits=3, random_state=None, shuffle=False), n_jobs=-1
2025-11-14 17:19:01,101:INFO:Calculating mean and std
2025-11-14 17:19:01,102:INFO:Creating metrics dataframe
2025-11-14 17:19:01,105:INFO:Uploading results into container
2025-11-14 17:19:01,105:INFO:Uploading model into container now
2025-11-14 17:19:01,106:INFO:_master_model_container: 37
2025-11-14 17:19:01,106:INFO:_display_container: 2
2025-11-14 17:19:01,106:INFO:DummyRegressor()
2025-11-14 17:19:01,106:INFO:create_model() successfully completed......................................
2025-11-14 17:19:01,300:INFO:SubProcess create_model() end ==================================
2025-11-14 17:19:01,300:INFO:Creating metrics dataframe
2025-11-14 17:19:01,311:WARNING:/media/aria/SSD/anaconda/envs/py310/lib/python3.10/site-packages/pycaret/internal/pycaret_experiment/supervised_experiment.py:323: FutureWarning: Styler.applymap has been deprecated. Use Styler.map instead.

2025-11-14 17:19:01,320:INFO:Initializing create_model()
2025-11-14 17:19:01,320:INFO:create_model(self=<pycaret.regression.oop.RegressionExperiment object at 0x7a75f850a530>, estimator=ExtraTreesRegressor(n_jobs=-1, random_state=123), fold=KFold(n_splits=3, random_state=None, shuffle=False), round=2, cross_validation=False, predict=False, fit_kwargs={}, groups=None, refit=True, probability_threshold=None, experiment_custom_tags=None, verbose=False, system=False, add_to_model_list=True, metrics=None, display=None, model_only=True, return_train_score=False, error_score=0.0, kwargs={})
2025-11-14 17:19:01,320:INFO:Checking exceptions
2025-11-14 17:19:01,322:INFO:Importing libraries
2025-11-14 17:19:01,323:INFO:Copying training dataset
2025-11-14 17:19:01,327:INFO:Defining folds
2025-11-14 17:19:01,327:INFO:Declaring metric variables
2025-11-14 17:19:01,327:INFO:Importing untrained model
2025-11-14 17:19:01,327:INFO:Declaring custom model
2025-11-14 17:19:01,328:INFO:Extra Trees Regressor Imported successfully
2025-11-14 17:19:01,329:INFO:Cross validation set to False
2025-11-14 17:19:01,329:INFO:Fitting Model
2025-11-14 17:19:01,423:INFO:ExtraTreesRegressor(n_jobs=-1, random_state=123)
2025-11-14 17:19:01,423:INFO:create_model() successfully completed......................................
2025-11-14 17:19:01,620:INFO:Initializing create_model()
2025-11-14 17:19:01,620:INFO:create_model(self=<pycaret.regression.oop.RegressionExperiment object at 0x7a75f850a530>, estimator=GradientBoostingRegressor(random_state=123), fold=KFold(n_splits=3, random_state=None, shuffle=False), round=2, cross_validation=False, predict=False, fit_kwargs={}, groups=None, refit=True, probability_threshold=None, experiment_custom_tags=None, verbose=False, system=False, add_to_model_list=True, metrics=None, display=None, model_only=True, return_train_score=False, error_score=0.0, kwargs={})
2025-11-14 17:19:01,620:INFO:Checking exceptions
2025-11-14 17:19:01,622:INFO:Importing libraries
2025-11-14 17:19:01,622:INFO:Copying training dataset
2025-11-14 17:19:01,627:INFO:Defining folds
2025-11-14 17:19:01,627:INFO:Declaring metric variables
2025-11-14 17:19:01,627:INFO:Importing untrained model
2025-11-14 17:19:01,627:INFO:Declaring custom model
2025-11-14 17:19:01,628:INFO:Gradient Boosting Regressor Imported successfully
2025-11-14 17:19:01,629:INFO:Cross validation set to False
2025-11-14 17:19:01,629:INFO:Fitting Model
2025-11-14 17:19:01,768:INFO:GradientBoostingRegressor(random_state=123)
2025-11-14 17:19:01,768:INFO:create_model() successfully completed......................................
2025-11-14 17:19:01,969:INFO:Initializing create_model()
2025-11-14 17:19:01,969:INFO:create_model(self=<pycaret.regression.oop.RegressionExperiment object at 0x7a75f850a530>, estimator=<catboost.core.CatBoostRegressor object at 0x7a7636bfebf0>, fold=KFold(n_splits=3, random_state=None, shuffle=False), round=2, cross_validation=False, predict=False, fit_kwargs={}, groups=None, refit=True, probability_threshold=None, experiment_custom_tags=None, verbose=False, system=False, add_to_model_list=True, metrics=None, display=None, model_only=True, return_train_score=False, error_score=0.0, kwargs={})
2025-11-14 17:19:01,969:INFO:Checking exceptions
2025-11-14 17:19:01,971:INFO:Importing libraries
2025-11-14 17:19:01,971:INFO:Copying training dataset
2025-11-14 17:19:01,975:INFO:Defining folds
2025-11-14 17:19:01,975:INFO:Declaring metric variables
2025-11-14 17:19:01,976:INFO:Importing untrained model
2025-11-14 17:19:01,976:INFO:Declaring custom model
2025-11-14 17:19:01,976:INFO:CatBoost Regressor Imported successfully
2025-11-14 17:19:01,977:INFO:Cross validation set to False
2025-11-14 17:19:01,977:INFO:Fitting Model
2025-11-14 17:19:03,052:INFO:<catboost.core.CatBoostRegressor object at 0x7a763722bd60>
2025-11-14 17:19:03,052:INFO:create_model() successfully completed......................................
2025-11-14 17:19:03,321:INFO:_master_model_container: 37
2025-11-14 17:19:03,321:INFO:_display_container: 2
2025-11-14 17:19:03,322:INFO:[ExtraTreesRegressor(n_jobs=-1, random_state=123), GradientBoostingRegressor(random_state=123), <catboost.core.CatBoostRegressor object at 0x7a763722bd60>]
2025-11-14 17:19:03,322:INFO:compare_models() successfully completed......................................
2025-11-14 17:22:41,854:INFO:Initializing compare_models()
2025-11-14 17:22:41,854:INFO:compare_models(self=<pycaret.regression.oop.RegressionExperiment object at 0x7a75f850a530>, include=None, fold=3, round=2, cross_validation=True, sort=R2, n_select=3, budget_time=None, turbo=True, errors=ignore, fit_kwargs=None, groups=None, experiment_custom_tags=None, probability_threshold=None, verbose=True, parallel=None, caller_params={'self': <pycaret.regression.oop.RegressionExperiment object at 0x7a75f850a530>, 'include': None, 'exclude': None, 'fold': 3, 'round': 2, 'cross_validation': True, 'sort': 'R2', 'n_select': 3, 'budget_time': None, 'turbo': True, 'errors': 'ignore', 'fit_kwargs': None, 'groups': None, 'experiment_custom_tags': None, 'engine': None, 'verbose': True, 'parallel': None, '__class__': <class 'pycaret.regression.oop.RegressionExperiment'>}, exclude=None)
2025-11-14 17:22:41,854:INFO:Checking exceptions
2025-11-14 17:22:41,858:INFO:Preparing display monitor
2025-11-14 17:22:41,884:INFO:Initializing Linear Regression
2025-11-14 17:22:41,884:INFO:Total runtime is 3.699461619059245e-06 minutes
2025-11-14 17:22:41,888:INFO:SubProcess create_model() called ==================================
2025-11-14 17:22:41,889:INFO:Initializing create_model()
2025-11-14 17:22:41,889:INFO:create_model(self=<pycaret.regression.oop.RegressionExperiment object at 0x7a75f850a530>, estimator=lr, fold=KFold(n_splits=3, random_state=None, shuffle=False), round=2, cross_validation=True, predict=True, fit_kwargs={}, groups=None, refit=False, probability_threshold=None, experiment_custom_tags=None, verbose=False, system=False, add_to_model_list=True, metrics=None, display=<pycaret.internal.display.display.CommonDisplay object at 0x7a7636c10160>, model_only=True, return_train_score=False, error_score=0.0, kwargs={})
2025-11-14 17:22:41,889:INFO:Checking exceptions
2025-11-14 17:22:41,889:INFO:Importing libraries
2025-11-14 17:22:41,889:INFO:Copying training dataset
2025-11-14 17:22:41,895:INFO:Defining folds
2025-11-14 17:22:41,895:INFO:Declaring metric variables
2025-11-14 17:22:41,900:INFO:Importing untrained model
2025-11-14 17:22:41,904:INFO:Linear Regression Imported successfully
2025-11-14 17:22:41,912:INFO:Starting cross validation
2025-11-14 17:22:41,913:INFO:Cross validating with KFold(n_splits=3, random_state=None, shuffle=False), n_jobs=-1
2025-11-14 17:22:41,959:INFO:Calculating mean and std
2025-11-14 17:22:41,959:INFO:Creating metrics dataframe
2025-11-14 17:22:41,961:INFO:Uploading results into container
2025-11-14 17:22:41,961:INFO:Uploading model into container now
2025-11-14 17:22:41,962:INFO:_master_model_container: 38
2025-11-14 17:22:41,962:INFO:_display_container: 3
2025-11-14 17:22:41,962:INFO:LinearRegression(n_jobs=-1)
2025-11-14 17:22:41,962:INFO:create_model() successfully completed......................................
2025-11-14 17:22:42,159:INFO:SubProcess create_model() end ==================================
2025-11-14 17:22:42,159:INFO:Creating metrics dataframe
2025-11-14 17:22:42,165:INFO:Initializing Lasso Regression
2025-11-14 17:22:42,166:INFO:Total runtime is 0.004690353075663249 minutes
2025-11-14 17:22:42,169:INFO:SubProcess create_model() called ==================================
2025-11-14 17:22:42,169:INFO:Initializing create_model()
2025-11-14 17:22:42,169:INFO:create_model(self=<pycaret.regression.oop.RegressionExperiment object at 0x7a75f850a530>, estimator=lasso, fold=KFold(n_splits=3, random_state=None, shuffle=False), round=2, cross_validation=True, predict=True, fit_kwargs={}, groups=None, refit=False, probability_threshold=None, experiment_custom_tags=None, verbose=False, system=False, add_to_model_list=True, metrics=None, display=<pycaret.internal.display.display.CommonDisplay object at 0x7a7636c10160>, model_only=True, return_train_score=False, error_score=0.0, kwargs={})
2025-11-14 17:22:42,169:INFO:Checking exceptions
2025-11-14 17:22:42,169:INFO:Importing libraries
2025-11-14 17:22:42,169:INFO:Copying training dataset
2025-11-14 17:22:42,174:INFO:Defining folds
2025-11-14 17:22:42,174:INFO:Declaring metric variables
2025-11-14 17:22:42,178:INFO:Importing untrained model
2025-11-14 17:22:42,182:INFO:Lasso Regression Imported successfully
2025-11-14 17:22:42,187:INFO:Starting cross validation
2025-11-14 17:22:42,188:INFO:Cross validating with KFold(n_splits=3, random_state=None, shuffle=False), n_jobs=-1
2025-11-14 17:22:42,227:INFO:Calculating mean and std
2025-11-14 17:22:42,227:INFO:Creating metrics dataframe
2025-11-14 17:22:42,229:INFO:Uploading results into container
2025-11-14 17:22:42,229:INFO:Uploading model into container now
2025-11-14 17:22:42,230:INFO:_master_model_container: 39
2025-11-14 17:22:42,230:INFO:_display_container: 3
2025-11-14 17:22:42,230:INFO:Lasso(random_state=123)
2025-11-14 17:22:42,230:INFO:create_model() successfully completed......................................
2025-11-14 17:22:42,425:INFO:SubProcess create_model() end ==================================
2025-11-14 17:22:42,425:INFO:Creating metrics dataframe
2025-11-14 17:22:42,433:INFO:Initializing Ridge Regression
2025-11-14 17:22:42,433:INFO:Total runtime is 0.009150485197703045 minutes
2025-11-14 17:22:42,437:INFO:SubProcess create_model() called ==================================
2025-11-14 17:22:42,437:INFO:Initializing create_model()
2025-11-14 17:22:42,437:INFO:create_model(self=<pycaret.regression.oop.RegressionExperiment object at 0x7a75f850a530>, estimator=ridge, fold=KFold(n_splits=3, random_state=None, shuffle=False), round=2, cross_validation=True, predict=True, fit_kwargs={}, groups=None, refit=False, probability_threshold=None, experiment_custom_tags=None, verbose=False, system=False, add_to_model_list=True, metrics=None, display=<pycaret.internal.display.display.CommonDisplay object at 0x7a7636c10160>, model_only=True, return_train_score=False, error_score=0.0, kwargs={})
2025-11-14 17:22:42,437:INFO:Checking exceptions
2025-11-14 17:22:42,437:INFO:Importing libraries
2025-11-14 17:22:42,437:INFO:Copying training dataset
2025-11-14 17:22:42,442:INFO:Defining folds
2025-11-14 17:22:42,442:INFO:Declaring metric variables
2025-11-14 17:22:42,445:INFO:Importing untrained model
2025-11-14 17:22:42,449:INFO:Ridge Regression Imported successfully
2025-11-14 17:22:42,454:INFO:Starting cross validation
2025-11-14 17:22:42,455:INFO:Cross validating with KFold(n_splits=3, random_state=None, shuffle=False), n_jobs=-1
2025-11-14 17:22:42,492:INFO:Calculating mean and std
2025-11-14 17:22:42,492:INFO:Creating metrics dataframe
2025-11-14 17:22:42,494:INFO:Uploading results into container
2025-11-14 17:22:42,495:INFO:Uploading model into container now
2025-11-14 17:22:42,495:INFO:_master_model_container: 40
2025-11-14 17:22:42,495:INFO:_display_container: 3
2025-11-14 17:22:42,495:INFO:Ridge(random_state=123)
2025-11-14 17:22:42,495:INFO:create_model() successfully completed......................................
2025-11-14 17:22:42,695:INFO:SubProcess create_model() end ==================================
2025-11-14 17:22:42,696:INFO:Creating metrics dataframe
2025-11-14 17:22:42,702:INFO:Initializing Elastic Net
2025-11-14 17:22:42,703:INFO:Total runtime is 0.013639918963114422 minutes
2025-11-14 17:22:42,705:INFO:SubProcess create_model() called ==================================
2025-11-14 17:22:42,705:INFO:Initializing create_model()
2025-11-14 17:22:42,705:INFO:create_model(self=<pycaret.regression.oop.RegressionExperiment object at 0x7a75f850a530>, estimator=en, fold=KFold(n_splits=3, random_state=None, shuffle=False), round=2, cross_validation=True, predict=True, fit_kwargs={}, groups=None, refit=False, probability_threshold=None, experiment_custom_tags=None, verbose=False, system=False, add_to_model_list=True, metrics=None, display=<pycaret.internal.display.display.CommonDisplay object at 0x7a7636c10160>, model_only=True, return_train_score=False, error_score=0.0, kwargs={})
2025-11-14 17:22:42,706:INFO:Checking exceptions
2025-11-14 17:22:42,706:INFO:Importing libraries
2025-11-14 17:22:42,706:INFO:Copying training dataset
2025-11-14 17:22:42,711:INFO:Defining folds
2025-11-14 17:22:42,711:INFO:Declaring metric variables
2025-11-14 17:22:42,715:INFO:Importing untrained model
2025-11-14 17:22:42,720:INFO:Elastic Net Imported successfully
2025-11-14 17:22:42,727:INFO:Starting cross validation
2025-11-14 17:22:42,729:INFO:Cross validating with KFold(n_splits=3, random_state=None, shuffle=False), n_jobs=-1
2025-11-14 17:22:42,768:INFO:Calculating mean and std
2025-11-14 17:22:42,768:INFO:Creating metrics dataframe
2025-11-14 17:22:42,770:INFO:Uploading results into container
2025-11-14 17:22:42,770:INFO:Uploading model into container now
2025-11-14 17:22:42,770:INFO:_master_model_container: 41
2025-11-14 17:22:42,770:INFO:_display_container: 3
2025-11-14 17:22:42,771:INFO:ElasticNet(random_state=123)
2025-11-14 17:22:42,771:INFO:create_model() successfully completed......................................
2025-11-14 17:22:42,963:INFO:SubProcess create_model() end ==================================
2025-11-14 17:22:42,963:INFO:Creating metrics dataframe
2025-11-14 17:22:42,970:INFO:Initializing Least Angle Regression
2025-11-14 17:22:42,970:INFO:Total runtime is 0.01809991200764974 minutes
2025-11-14 17:22:42,973:INFO:SubProcess create_model() called ==================================
2025-11-14 17:22:42,973:INFO:Initializing create_model()
2025-11-14 17:22:42,973:INFO:create_model(self=<pycaret.regression.oop.RegressionExperiment object at 0x7a75f850a530>, estimator=lar, fold=KFold(n_splits=3, random_state=None, shuffle=False), round=2, cross_validation=True, predict=True, fit_kwargs={}, groups=None, refit=False, probability_threshold=None, experiment_custom_tags=None, verbose=False, system=False, add_to_model_list=True, metrics=None, display=<pycaret.internal.display.display.CommonDisplay object at 0x7a7636c10160>, model_only=True, return_train_score=False, error_score=0.0, kwargs={})
2025-11-14 17:22:42,973:INFO:Checking exceptions
2025-11-14 17:22:42,973:INFO:Importing libraries
2025-11-14 17:22:42,973:INFO:Copying training dataset
2025-11-14 17:22:42,977:INFO:Defining folds
2025-11-14 17:22:42,978:INFO:Declaring metric variables
2025-11-14 17:22:42,981:INFO:Importing untrained model
2025-11-14 17:22:42,984:INFO:Least Angle Regression Imported successfully
2025-11-14 17:22:42,990:INFO:Starting cross validation
2025-11-14 17:22:42,990:INFO:Cross validating with KFold(n_splits=3, random_state=None, shuffle=False), n_jobs=-1
2025-11-14 17:22:43,051:INFO:Calculating mean and std
2025-11-14 17:22:43,052:INFO:Creating metrics dataframe
2025-11-14 17:22:43,056:INFO:Uploading results into container
2025-11-14 17:22:43,057:INFO:Uploading model into container now
2025-11-14 17:22:43,057:INFO:_master_model_container: 42
2025-11-14 17:22:43,057:INFO:_display_container: 3
2025-11-14 17:22:43,058:INFO:Lars(random_state=123)
2025-11-14 17:22:43,058:INFO:create_model() successfully completed......................................
2025-11-14 17:22:43,275:INFO:SubProcess create_model() end ==================================
2025-11-14 17:22:43,275:INFO:Creating metrics dataframe
2025-11-14 17:22:43,283:INFO:Initializing Lasso Least Angle Regression
2025-11-14 17:22:43,283:INFO:Total runtime is 0.023315374056498212 minutes
2025-11-14 17:22:43,286:INFO:SubProcess create_model() called ==================================
2025-11-14 17:22:43,287:INFO:Initializing create_model()
2025-11-14 17:22:43,287:INFO:create_model(self=<pycaret.regression.oop.RegressionExperiment object at 0x7a75f850a530>, estimator=llar, fold=KFold(n_splits=3, random_state=None, shuffle=False), round=2, cross_validation=True, predict=True, fit_kwargs={}, groups=None, refit=False, probability_threshold=None, experiment_custom_tags=None, verbose=False, system=False, add_to_model_list=True, metrics=None, display=<pycaret.internal.display.display.CommonDisplay object at 0x7a7636c10160>, model_only=True, return_train_score=False, error_score=0.0, kwargs={})
2025-11-14 17:22:43,287:INFO:Checking exceptions
2025-11-14 17:22:43,287:INFO:Importing libraries
2025-11-14 17:22:43,287:INFO:Copying training dataset
2025-11-14 17:22:43,292:INFO:Defining folds
2025-11-14 17:22:43,292:INFO:Declaring metric variables
2025-11-14 17:22:43,296:INFO:Importing untrained model
2025-11-14 17:22:43,300:INFO:Lasso Least Angle Regression Imported successfully
2025-11-14 17:22:43,306:INFO:Starting cross validation
2025-11-14 17:22:43,307:INFO:Cross validating with KFold(n_splits=3, random_state=None, shuffle=False), n_jobs=-1
2025-11-14 17:22:43,377:INFO:Calculating mean and std
2025-11-14 17:22:43,378:INFO:Creating metrics dataframe
2025-11-14 17:22:43,381:INFO:Uploading results into container
2025-11-14 17:22:43,381:INFO:Uploading model into container now
2025-11-14 17:22:43,382:INFO:_master_model_container: 43
2025-11-14 17:22:43,382:INFO:_display_container: 3
2025-11-14 17:22:43,382:INFO:LassoLars(random_state=123)
2025-11-14 17:22:43,383:INFO:create_model() successfully completed......................................
2025-11-14 17:22:43,576:INFO:SubProcess create_model() end ==================================
2025-11-14 17:22:43,576:INFO:Creating metrics dataframe
2025-11-14 17:22:43,583:INFO:Initializing Orthogonal Matching Pursuit
2025-11-14 17:22:43,583:INFO:Total runtime is 0.02832152048746745 minutes
2025-11-14 17:22:43,586:INFO:SubProcess create_model() called ==================================
2025-11-14 17:22:43,586:INFO:Initializing create_model()
2025-11-14 17:22:43,586:INFO:create_model(self=<pycaret.regression.oop.RegressionExperiment object at 0x7a75f850a530>, estimator=omp, fold=KFold(n_splits=3, random_state=None, shuffle=False), round=2, cross_validation=True, predict=True, fit_kwargs={}, groups=None, refit=False, probability_threshold=None, experiment_custom_tags=None, verbose=False, system=False, add_to_model_list=True, metrics=None, display=<pycaret.internal.display.display.CommonDisplay object at 0x7a7636c10160>, model_only=True, return_train_score=False, error_score=0.0, kwargs={})
2025-11-14 17:22:43,586:INFO:Checking exceptions
2025-11-14 17:22:43,586:INFO:Importing libraries
2025-11-14 17:22:43,586:INFO:Copying training dataset
2025-11-14 17:22:43,591:INFO:Defining folds
2025-11-14 17:22:43,591:INFO:Declaring metric variables
2025-11-14 17:22:43,595:INFO:Importing untrained model
2025-11-14 17:22:43,598:INFO:Orthogonal Matching Pursuit Imported successfully
2025-11-14 17:22:43,604:INFO:Starting cross validation
2025-11-14 17:22:43,604:INFO:Cross validating with KFold(n_splits=3, random_state=None, shuffle=False), n_jobs=-1
2025-11-14 17:22:43,657:INFO:Calculating mean and std
2025-11-14 17:22:43,658:INFO:Creating metrics dataframe
2025-11-14 17:22:43,660:INFO:Uploading results into container
2025-11-14 17:22:43,660:INFO:Uploading model into container now
2025-11-14 17:22:43,660:INFO:_master_model_container: 44
2025-11-14 17:22:43,660:INFO:_display_container: 3
2025-11-14 17:22:43,661:INFO:OrthogonalMatchingPursuit()
2025-11-14 17:22:43,661:INFO:create_model() successfully completed......................................
2025-11-14 17:22:43,854:INFO:SubProcess create_model() end ==================================
2025-11-14 17:22:43,854:INFO:Creating metrics dataframe
2025-11-14 17:22:43,861:INFO:Initializing Bayesian Ridge
2025-11-14 17:22:43,862:INFO:Total runtime is 0.03295828501383464 minutes
2025-11-14 17:22:43,864:INFO:SubProcess create_model() called ==================================
2025-11-14 17:22:43,865:INFO:Initializing create_model()
2025-11-14 17:22:43,865:INFO:create_model(self=<pycaret.regression.oop.RegressionExperiment object at 0x7a75f850a530>, estimator=br, fold=KFold(n_splits=3, random_state=None, shuffle=False), round=2, cross_validation=True, predict=True, fit_kwargs={}, groups=None, refit=False, probability_threshold=None, experiment_custom_tags=None, verbose=False, system=False, add_to_model_list=True, metrics=None, display=<pycaret.internal.display.display.CommonDisplay object at 0x7a7636c10160>, model_only=True, return_train_score=False, error_score=0.0, kwargs={})
2025-11-14 17:22:43,865:INFO:Checking exceptions
2025-11-14 17:22:43,865:INFO:Importing libraries
2025-11-14 17:22:43,865:INFO:Copying training dataset
2025-11-14 17:22:43,869:INFO:Defining folds
2025-11-14 17:22:43,869:INFO:Declaring metric variables
2025-11-14 17:22:43,872:INFO:Importing untrained model
2025-11-14 17:22:43,876:INFO:Bayesian Ridge Imported successfully
2025-11-14 17:22:43,881:INFO:Starting cross validation
2025-11-14 17:22:43,881:INFO:Cross validating with KFold(n_splits=3, random_state=None, shuffle=False), n_jobs=-1
2025-11-14 17:22:43,930:INFO:Calculating mean and std
2025-11-14 17:22:43,930:INFO:Creating metrics dataframe
2025-11-14 17:22:43,933:INFO:Uploading results into container
2025-11-14 17:22:43,933:INFO:Uploading model into container now
2025-11-14 17:22:43,934:INFO:_master_model_container: 45
2025-11-14 17:22:43,934:INFO:_display_container: 3
2025-11-14 17:22:43,934:INFO:BayesianRidge()
2025-11-14 17:22:43,934:INFO:create_model() successfully completed......................................
2025-11-14 17:22:44,128:INFO:SubProcess create_model() end ==================================
2025-11-14 17:22:44,129:INFO:Creating metrics dataframe
2025-11-14 17:22:44,136:INFO:Initializing Passive Aggressive Regressor
2025-11-14 17:22:44,136:INFO:Total runtime is 0.03753615220387777 minutes
2025-11-14 17:22:44,139:INFO:SubProcess create_model() called ==================================
2025-11-14 17:22:44,139:INFO:Initializing create_model()
2025-11-14 17:22:44,139:INFO:create_model(self=<pycaret.regression.oop.RegressionExperiment object at 0x7a75f850a530>, estimator=par, fold=KFold(n_splits=3, random_state=None, shuffle=False), round=2, cross_validation=True, predict=True, fit_kwargs={}, groups=None, refit=False, probability_threshold=None, experiment_custom_tags=None, verbose=False, system=False, add_to_model_list=True, metrics=None, display=<pycaret.internal.display.display.CommonDisplay object at 0x7a7636c10160>, model_only=True, return_train_score=False, error_score=0.0, kwargs={})
2025-11-14 17:22:44,139:INFO:Checking exceptions
2025-11-14 17:22:44,139:INFO:Importing libraries
2025-11-14 17:22:44,139:INFO:Copying training dataset
2025-11-14 17:22:44,144:INFO:Defining folds
2025-11-14 17:22:44,144:INFO:Declaring metric variables
2025-11-14 17:22:44,148:INFO:Importing untrained model
2025-11-14 17:22:44,151:INFO:Passive Aggressive Regressor Imported successfully
2025-11-14 17:22:44,158:INFO:Starting cross validation
2025-11-14 17:22:44,159:INFO:Cross validating with KFold(n_splits=3, random_state=None, shuffle=False), n_jobs=-1
2025-11-14 17:22:44,243:INFO:Calculating mean and std
2025-11-14 17:22:44,245:INFO:Creating metrics dataframe
2025-11-14 17:22:44,249:INFO:Uploading results into container
2025-11-14 17:22:44,250:INFO:Uploading model into container now
2025-11-14 17:22:44,251:INFO:_master_model_container: 46
2025-11-14 17:22:44,251:INFO:_display_container: 3
2025-11-14 17:22:44,252:INFO:PassiveAggressiveRegressor(random_state=123)
2025-11-14 17:22:44,252:INFO:create_model() successfully completed......................................
2025-11-14 17:22:44,445:INFO:SubProcess create_model() end ==================================
2025-11-14 17:22:44,445:INFO:Creating metrics dataframe
2025-11-14 17:22:44,452:INFO:Initializing Huber Regressor
2025-11-14 17:22:44,452:INFO:Total runtime is 0.04280298153559367 minutes
2025-11-14 17:22:44,455:INFO:SubProcess create_model() called ==================================
2025-11-14 17:22:44,455:INFO:Initializing create_model()
2025-11-14 17:22:44,455:INFO:create_model(self=<pycaret.regression.oop.RegressionExperiment object at 0x7a75f850a530>, estimator=huber, fold=KFold(n_splits=3, random_state=None, shuffle=False), round=2, cross_validation=True, predict=True, fit_kwargs={}, groups=None, refit=False, probability_threshold=None, experiment_custom_tags=None, verbose=False, system=False, add_to_model_list=True, metrics=None, display=<pycaret.internal.display.display.CommonDisplay object at 0x7a7636c10160>, model_only=True, return_train_score=False, error_score=0.0, kwargs={})
2025-11-14 17:22:44,455:INFO:Checking exceptions
2025-11-14 17:22:44,455:INFO:Importing libraries
2025-11-14 17:22:44,455:INFO:Copying training dataset
2025-11-14 17:22:44,460:INFO:Defining folds
2025-11-14 17:22:44,460:INFO:Declaring metric variables
2025-11-14 17:22:44,463:INFO:Importing untrained model
2025-11-14 17:22:44,467:INFO:Huber Regressor Imported successfully
2025-11-14 17:22:44,472:INFO:Starting cross validation
2025-11-14 17:22:44,473:INFO:Cross validating with KFold(n_splits=3, random_state=None, shuffle=False), n_jobs=-1
2025-11-14 17:22:44,516:WARNING:/media/aria/SSD/anaconda/envs/py310/lib/python3.10/site-packages/sklearn/linear_model/_huber.py:342: ConvergenceWarning: lbfgs failed to converge (status=1):
STOP: TOTAL NO. of ITERATIONS REACHED LIMIT.

Increase the number of iterations (max_iter) or scale the data as shown in:
    https://scikit-learn.org/stable/modules/preprocessing.html
  self.n_iter_ = _check_optimize_result("lbfgs", opt_res, self.max_iter)

2025-11-14 17:22:44,540:WARNING:/media/aria/SSD/anaconda/envs/py310/lib/python3.10/site-packages/sklearn/linear_model/_huber.py:342: ConvergenceWarning: lbfgs failed to converge (status=1):
STOP: TOTAL NO. of ITERATIONS REACHED LIMIT.

Increase the number of iterations (max_iter) or scale the data as shown in:
    https://scikit-learn.org/stable/modules/preprocessing.html
  self.n_iter_ = _check_optimize_result("lbfgs", opt_res, self.max_iter)

2025-11-14 17:22:44,552:WARNING:/media/aria/SSD/anaconda/envs/py310/lib/python3.10/site-packages/sklearn/linear_model/_huber.py:342: ConvergenceWarning: lbfgs failed to converge (status=1):
STOP: TOTAL NO. of ITERATIONS REACHED LIMIT.

Increase the number of iterations (max_iter) or scale the data as shown in:
    https://scikit-learn.org/stable/modules/preprocessing.html
  self.n_iter_ = _check_optimize_result("lbfgs", opt_res, self.max_iter)

2025-11-14 17:22:44,564:INFO:Calculating mean and std
2025-11-14 17:22:44,565:INFO:Creating metrics dataframe
2025-11-14 17:22:44,567:INFO:Uploading results into container
2025-11-14 17:22:44,568:INFO:Uploading model into container now
2025-11-14 17:22:44,568:INFO:_master_model_container: 47
2025-11-14 17:22:44,568:INFO:_display_container: 3
2025-11-14 17:22:44,568:INFO:HuberRegressor()
2025-11-14 17:22:44,568:INFO:create_model() successfully completed......................................
2025-11-14 17:22:44,762:INFO:SubProcess create_model() end ==================================
2025-11-14 17:22:44,763:INFO:Creating metrics dataframe
2025-11-14 17:22:44,771:INFO:Initializing K Neighbors Regressor
2025-11-14 17:22:44,771:INFO:Total runtime is 0.04811973174413045 minutes
2025-11-14 17:22:44,775:INFO:SubProcess create_model() called ==================================
2025-11-14 17:22:44,775:INFO:Initializing create_model()
2025-11-14 17:22:44,775:INFO:create_model(self=<pycaret.regression.oop.RegressionExperiment object at 0x7a75f850a530>, estimator=knn, fold=KFold(n_splits=3, random_state=None, shuffle=False), round=2, cross_validation=True, predict=True, fit_kwargs={}, groups=None, refit=False, probability_threshold=None, experiment_custom_tags=None, verbose=False, system=False, add_to_model_list=True, metrics=None, display=<pycaret.internal.display.display.CommonDisplay object at 0x7a7636c10160>, model_only=True, return_train_score=False, error_score=0.0, kwargs={})
2025-11-14 17:22:44,775:INFO:Checking exceptions
2025-11-14 17:22:44,775:INFO:Importing libraries
2025-11-14 17:22:44,775:INFO:Copying training dataset
2025-11-14 17:22:44,781:INFO:Defining folds
2025-11-14 17:22:44,781:INFO:Declaring metric variables
2025-11-14 17:22:44,785:INFO:Importing untrained model
2025-11-14 17:22:44,789:INFO:K Neighbors Regressor Imported successfully
2025-11-14 17:22:44,794:INFO:Starting cross validation
2025-11-14 17:22:44,795:INFO:Cross validating with KFold(n_splits=3, random_state=None, shuffle=False), n_jobs=-1
2025-11-14 17:22:44,852:INFO:Calculating mean and std
2025-11-14 17:22:44,853:INFO:Creating metrics dataframe
2025-11-14 17:22:44,855:INFO:Uploading results into container
2025-11-14 17:22:44,855:INFO:Uploading model into container now
2025-11-14 17:22:44,856:INFO:_master_model_container: 48
2025-11-14 17:22:44,856:INFO:_display_container: 3
2025-11-14 17:22:44,856:INFO:KNeighborsRegressor(n_jobs=-1)
2025-11-14 17:22:44,856:INFO:create_model() successfully completed......................................
2025-11-14 17:22:45,048:INFO:SubProcess create_model() end ==================================
2025-11-14 17:22:45,048:INFO:Creating metrics dataframe
2025-11-14 17:22:45,056:INFO:Initializing Decision Tree Regressor
2025-11-14 17:22:45,056:INFO:Total runtime is 0.052872514724731444 minutes
2025-11-14 17:22:45,059:INFO:SubProcess create_model() called ==================================
2025-11-14 17:22:45,059:INFO:Initializing create_model()
2025-11-14 17:22:45,059:INFO:create_model(self=<pycaret.regression.oop.RegressionExperiment object at 0x7a75f850a530>, estimator=dt, fold=KFold(n_splits=3, random_state=None, shuffle=False), round=2, cross_validation=True, predict=True, fit_kwargs={}, groups=None, refit=False, probability_threshold=None, experiment_custom_tags=None, verbose=False, system=False, add_to_model_list=True, metrics=None, display=<pycaret.internal.display.display.CommonDisplay object at 0x7a7636c10160>, model_only=True, return_train_score=False, error_score=0.0, kwargs={})
2025-11-14 17:22:45,059:INFO:Checking exceptions
2025-11-14 17:22:45,059:INFO:Importing libraries
2025-11-14 17:22:45,059:INFO:Copying training dataset
2025-11-14 17:22:45,064:INFO:Defining folds
2025-11-14 17:22:45,064:INFO:Declaring metric variables
2025-11-14 17:22:45,067:INFO:Importing untrained model
2025-11-14 17:22:45,070:INFO:Decision Tree Regressor Imported successfully
2025-11-14 17:22:45,076:INFO:Starting cross validation
2025-11-14 17:22:45,077:INFO:Cross validating with KFold(n_splits=3, random_state=None, shuffle=False), n_jobs=-1
2025-11-14 17:22:45,124:INFO:Calculating mean and std
2025-11-14 17:22:45,124:INFO:Creating metrics dataframe
2025-11-14 17:22:45,126:INFO:Uploading results into container
2025-11-14 17:22:45,126:INFO:Uploading model into container now
2025-11-14 17:22:45,127:INFO:_master_model_container: 49
2025-11-14 17:22:45,127:INFO:_display_container: 3
2025-11-14 17:22:45,127:INFO:DecisionTreeRegressor(random_state=123)
2025-11-14 17:22:45,127:INFO:create_model() successfully completed......................................
2025-11-14 17:22:45,327:INFO:SubProcess create_model() end ==================================
2025-11-14 17:22:45,327:INFO:Creating metrics dataframe
2025-11-14 17:22:45,335:INFO:Initializing Random Forest Regressor
2025-11-14 17:22:45,336:INFO:Total runtime is 0.05752561887105306 minutes
2025-11-14 17:22:45,339:INFO:SubProcess create_model() called ==================================
2025-11-14 17:22:45,339:INFO:Initializing create_model()
2025-11-14 17:22:45,339:INFO:create_model(self=<pycaret.regression.oop.RegressionExperiment object at 0x7a75f850a530>, estimator=rf, fold=KFold(n_splits=3, random_state=None, shuffle=False), round=2, cross_validation=True, predict=True, fit_kwargs={}, groups=None, refit=False, probability_threshold=None, experiment_custom_tags=None, verbose=False, system=False, add_to_model_list=True, metrics=None, display=<pycaret.internal.display.display.CommonDisplay object at 0x7a7636c10160>, model_only=True, return_train_score=False, error_score=0.0, kwargs={})
2025-11-14 17:22:45,339:INFO:Checking exceptions
2025-11-14 17:22:45,339:INFO:Importing libraries
2025-11-14 17:22:45,339:INFO:Copying training dataset
2025-11-14 17:22:45,344:INFO:Defining folds
2025-11-14 17:22:45,344:INFO:Declaring metric variables
2025-11-14 17:22:45,347:INFO:Importing untrained model
2025-11-14 17:22:45,351:INFO:Random Forest Regressor Imported successfully
2025-11-14 17:22:45,358:INFO:Starting cross validation
2025-11-14 17:22:45,359:INFO:Cross validating with KFold(n_splits=3, random_state=None, shuffle=False), n_jobs=-1
2025-11-14 17:22:45,613:INFO:Calculating mean and std
2025-11-14 17:22:45,614:INFO:Creating metrics dataframe
2025-11-14 17:22:45,616:INFO:Uploading results into container
2025-11-14 17:22:45,617:INFO:Uploading model into container now
2025-11-14 17:22:45,617:INFO:_master_model_container: 50
2025-11-14 17:22:45,617:INFO:_display_container: 3
2025-11-14 17:22:45,618:INFO:RandomForestRegressor(n_jobs=-1, random_state=123)
2025-11-14 17:22:45,618:INFO:create_model() successfully completed......................................
2025-11-14 17:22:45,794:INFO:SubProcess create_model() end ==================================
2025-11-14 17:22:45,795:INFO:Creating metrics dataframe
2025-11-14 17:22:45,804:INFO:Initializing Extra Trees Regressor
2025-11-14 17:22:45,804:INFO:Total runtime is 0.0653298020362854 minutes
2025-11-14 17:22:45,808:INFO:SubProcess create_model() called ==================================
2025-11-14 17:22:45,808:INFO:Initializing create_model()
2025-11-14 17:22:45,808:INFO:create_model(self=<pycaret.regression.oop.RegressionExperiment object at 0x7a75f850a530>, estimator=et, fold=KFold(n_splits=3, random_state=None, shuffle=False), round=2, cross_validation=True, predict=True, fit_kwargs={}, groups=None, refit=False, probability_threshold=None, experiment_custom_tags=None, verbose=False, system=False, add_to_model_list=True, metrics=None, display=<pycaret.internal.display.display.CommonDisplay object at 0x7a7636c10160>, model_only=True, return_train_score=False, error_score=0.0, kwargs={})
2025-11-14 17:22:45,808:INFO:Checking exceptions
2025-11-14 17:22:45,808:INFO:Importing libraries
2025-11-14 17:22:45,808:INFO:Copying training dataset
2025-11-14 17:22:45,814:INFO:Defining folds
2025-11-14 17:22:45,814:INFO:Declaring metric variables
2025-11-14 17:22:45,817:INFO:Importing untrained model
2025-11-14 17:22:45,820:INFO:Extra Trees Regressor Imported successfully
2025-11-14 17:22:45,826:INFO:Starting cross validation
2025-11-14 17:22:45,827:INFO:Cross validating with KFold(n_splits=3, random_state=None, shuffle=False), n_jobs=-1
2025-11-14 17:22:46,037:INFO:Calculating mean and std
2025-11-14 17:22:46,038:INFO:Creating metrics dataframe
2025-11-14 17:22:46,040:INFO:Uploading results into container
2025-11-14 17:22:46,040:INFO:Uploading model into container now
2025-11-14 17:22:46,041:INFO:_master_model_container: 51
2025-11-14 17:22:46,041:INFO:_display_container: 3
2025-11-14 17:22:46,041:INFO:ExtraTreesRegressor(n_jobs=-1, random_state=123)
2025-11-14 17:22:46,041:INFO:create_model() successfully completed......................................
2025-11-14 17:22:46,223:INFO:SubProcess create_model() end ==================================
2025-11-14 17:22:46,223:INFO:Creating metrics dataframe
2025-11-14 17:22:46,232:INFO:Initializing AdaBoost Regressor
2025-11-14 17:22:46,232:INFO:Total runtime is 0.07246206998825074 minutes
2025-11-14 17:22:46,234:INFO:SubProcess create_model() called ==================================
2025-11-14 17:22:46,235:INFO:Initializing create_model()
2025-11-14 17:22:46,235:INFO:create_model(self=<pycaret.regression.oop.RegressionExperiment object at 0x7a75f850a530>, estimator=ada, fold=KFold(n_splits=3, random_state=None, shuffle=False), round=2, cross_validation=True, predict=True, fit_kwargs={}, groups=None, refit=False, probability_threshold=None, experiment_custom_tags=None, verbose=False, system=False, add_to_model_list=True, metrics=None, display=<pycaret.internal.display.display.CommonDisplay object at 0x7a7636c10160>, model_only=True, return_train_score=False, error_score=0.0, kwargs={})
2025-11-14 17:22:46,235:INFO:Checking exceptions
2025-11-14 17:22:46,235:INFO:Importing libraries
2025-11-14 17:22:46,235:INFO:Copying training dataset
2025-11-14 17:22:46,239:INFO:Defining folds
2025-11-14 17:22:46,240:INFO:Declaring metric variables
2025-11-14 17:22:46,243:INFO:Importing untrained model
2025-11-14 17:22:46,246:INFO:AdaBoost Regressor Imported successfully
2025-11-14 17:22:46,251:INFO:Starting cross validation
2025-11-14 17:22:46,252:INFO:Cross validating with KFold(n_splits=3, random_state=None, shuffle=False), n_jobs=-1
2025-11-14 17:22:46,410:INFO:Calculating mean and std
2025-11-14 17:22:46,411:INFO:Creating metrics dataframe
2025-11-14 17:22:46,413:INFO:Uploading results into container
2025-11-14 17:22:46,413:INFO:Uploading model into container now
2025-11-14 17:22:46,413:INFO:_master_model_container: 52
2025-11-14 17:22:46,414:INFO:_display_container: 3
2025-11-14 17:22:46,414:INFO:AdaBoostRegressor(random_state=123)
2025-11-14 17:22:46,414:INFO:create_model() successfully completed......................................
2025-11-14 17:22:46,596:INFO:SubProcess create_model() end ==================================
2025-11-14 17:22:46,596:INFO:Creating metrics dataframe
2025-11-14 17:22:46,606:INFO:Initializing Gradient Boosting Regressor
2025-11-14 17:22:46,606:INFO:Total runtime is 0.07869435946146647 minutes
2025-11-14 17:22:46,609:INFO:SubProcess create_model() called ==================================
2025-11-14 17:22:46,609:INFO:Initializing create_model()
2025-11-14 17:22:46,610:INFO:create_model(self=<pycaret.regression.oop.RegressionExperiment object at 0x7a75f850a530>, estimator=gbr, fold=KFold(n_splits=3, random_state=None, shuffle=False), round=2, cross_validation=True, predict=True, fit_kwargs={}, groups=None, refit=False, probability_threshold=None, experiment_custom_tags=None, verbose=False, system=False, add_to_model_list=True, metrics=None, display=<pycaret.internal.display.display.CommonDisplay object at 0x7a7636c10160>, model_only=True, return_train_score=False, error_score=0.0, kwargs={})
2025-11-14 17:22:46,610:INFO:Checking exceptions
2025-11-14 17:22:46,610:INFO:Importing libraries
2025-11-14 17:22:46,610:INFO:Copying training dataset
2025-11-14 17:22:46,615:INFO:Defining folds
2025-11-14 17:22:46,615:INFO:Declaring metric variables
2025-11-14 17:22:46,618:INFO:Importing untrained model
2025-11-14 17:22:46,622:INFO:Gradient Boosting Regressor Imported successfully
2025-11-14 17:22:46,632:INFO:Starting cross validation
2025-11-14 17:22:46,634:INFO:Cross validating with KFold(n_splits=3, random_state=None, shuffle=False), n_jobs=-1
2025-11-14 17:22:46,808:INFO:Calculating mean and std
2025-11-14 17:22:46,809:INFO:Creating metrics dataframe
2025-11-14 17:22:46,811:INFO:Uploading results into container
2025-11-14 17:22:46,812:INFO:Uploading model into container now
2025-11-14 17:22:46,812:INFO:_master_model_container: 53
2025-11-14 17:22:46,812:INFO:_display_container: 3
2025-11-14 17:22:46,813:INFO:GradientBoostingRegressor(random_state=123)
2025-11-14 17:22:46,813:INFO:create_model() successfully completed......................................
2025-11-14 17:22:46,992:INFO:SubProcess create_model() end ==================================
2025-11-14 17:22:46,992:INFO:Creating metrics dataframe
2025-11-14 17:22:47,001:INFO:Initializing Extreme Gradient Boosting
2025-11-14 17:22:47,001:INFO:Total runtime is 0.08527824083964029 minutes
2025-11-14 17:22:47,003:INFO:SubProcess create_model() called ==================================
2025-11-14 17:22:47,004:INFO:Initializing create_model()
2025-11-14 17:22:47,004:INFO:create_model(self=<pycaret.regression.oop.RegressionExperiment object at 0x7a75f850a530>, estimator=xgboost, fold=KFold(n_splits=3, random_state=None, shuffle=False), round=2, cross_validation=True, predict=True, fit_kwargs={}, groups=None, refit=False, probability_threshold=None, experiment_custom_tags=None, verbose=False, system=False, add_to_model_list=True, metrics=None, display=<pycaret.internal.display.display.CommonDisplay object at 0x7a7636c10160>, model_only=True, return_train_score=False, error_score=0.0, kwargs={})
2025-11-14 17:22:47,004:INFO:Checking exceptions
2025-11-14 17:22:47,004:INFO:Importing libraries
2025-11-14 17:22:47,004:INFO:Copying training dataset
2025-11-14 17:22:47,008:INFO:Defining folds
2025-11-14 17:22:47,009:INFO:Declaring metric variables
2025-11-14 17:22:47,012:INFO:Importing untrained model
2025-11-14 17:22:47,015:INFO:Extreme Gradient Boosting Imported successfully
2025-11-14 17:22:47,020:INFO:Starting cross validation
2025-11-14 17:22:47,021:INFO:Cross validating with KFold(n_splits=3, random_state=None, shuffle=False), n_jobs=-1
2025-11-14 17:22:47,203:INFO:Calculating mean and std
2025-11-14 17:22:47,204:INFO:Creating metrics dataframe
2025-11-14 17:22:47,206:INFO:Uploading results into container
2025-11-14 17:22:47,207:INFO:Uploading model into container now
2025-11-14 17:22:47,207:INFO:_master_model_container: 54
2025-11-14 17:22:47,207:INFO:_display_container: 3
2025-11-14 17:22:47,208:INFO:XGBRegressor(base_score=None, booster='gbtree', callbacks=None,
             colsample_bylevel=None, colsample_bynode=None,
             colsample_bytree=None, device='cpu', early_stopping_rounds=None,
             enable_categorical=False, eval_metric=None, feature_types=None,
             feature_weights=None, gamma=None, grow_policy=None,
             importance_type=None, interaction_constraints=None,
             learning_rate=None, max_bin=None, max_cat_threshold=None,
             max_cat_to_onehot=None, max_delta_step=None, max_depth=None,
             max_leaves=None, min_child_weight=None, missing=nan,
             monotone_constraints=None, multi_strategy=None, n_estimators=None,
             n_jobs=-1, num_parallel_tree=None, ...)
2025-11-14 17:22:47,208:INFO:create_model() successfully completed......................................
2025-11-14 17:22:47,394:INFO:SubProcess create_model() end ==================================
2025-11-14 17:22:47,394:INFO:Creating metrics dataframe
2025-11-14 17:22:47,404:INFO:Initializing Light Gradient Boosting Machine
2025-11-14 17:22:47,405:INFO:Total runtime is 0.09200724760691324 minutes
2025-11-14 17:22:47,408:INFO:SubProcess create_model() called ==================================
2025-11-14 17:22:47,409:INFO:Initializing create_model()
2025-11-14 17:22:47,409:INFO:create_model(self=<pycaret.regression.oop.RegressionExperiment object at 0x7a75f850a530>, estimator=lightgbm, fold=KFold(n_splits=3, random_state=None, shuffle=False), round=2, cross_validation=True, predict=True, fit_kwargs={}, groups=None, refit=False, probability_threshold=None, experiment_custom_tags=None, verbose=False, system=False, add_to_model_list=True, metrics=None, display=<pycaret.internal.display.display.CommonDisplay object at 0x7a7636c10160>, model_only=True, return_train_score=False, error_score=0.0, kwargs={})
2025-11-14 17:22:47,409:INFO:Checking exceptions
2025-11-14 17:22:47,409:INFO:Importing libraries
2025-11-14 17:22:47,409:INFO:Copying training dataset
2025-11-14 17:22:47,413:INFO:Defining folds
2025-11-14 17:22:47,414:INFO:Declaring metric variables
2025-11-14 17:22:47,417:INFO:Importing untrained model
2025-11-14 17:22:47,422:INFO:Light Gradient Boosting Machine Imported successfully
2025-11-14 17:22:47,428:INFO:Starting cross validation
2025-11-14 17:22:47,429:INFO:Cross validating with KFold(n_splits=3, random_state=None, shuffle=False), n_jobs=-1
2025-11-14 17:23:39,002:INFO:Calculating mean and std
2025-11-14 17:23:39,003:INFO:Creating metrics dataframe
2025-11-14 17:23:39,006:INFO:Uploading results into container
2025-11-14 17:23:39,006:INFO:Uploading model into container now
2025-11-14 17:23:39,007:INFO:_master_model_container: 55
2025-11-14 17:23:39,007:INFO:_display_container: 3
2025-11-14 17:23:39,007:INFO:LGBMRegressor(n_jobs=-1, random_state=123)
2025-11-14 17:23:39,007:INFO:create_model() successfully completed......................................
2025-11-14 17:23:39,184:INFO:SubProcess create_model() end ==================================
2025-11-14 17:23:39,184:INFO:Creating metrics dataframe
2025-11-14 17:23:39,194:INFO:Initializing CatBoost Regressor
2025-11-14 17:23:39,194:INFO:Total runtime is 0.9551618814468383 minutes
2025-11-14 17:23:39,198:INFO:SubProcess create_model() called ==================================
2025-11-14 17:23:39,198:INFO:Initializing create_model()
2025-11-14 17:23:39,198:INFO:create_model(self=<pycaret.regression.oop.RegressionExperiment object at 0x7a75f850a530>, estimator=catboost, fold=KFold(n_splits=3, random_state=None, shuffle=False), round=2, cross_validation=True, predict=True, fit_kwargs={}, groups=None, refit=False, probability_threshold=None, experiment_custom_tags=None, verbose=False, system=False, add_to_model_list=True, metrics=None, display=<pycaret.internal.display.display.CommonDisplay object at 0x7a7636c10160>, model_only=True, return_train_score=False, error_score=0.0, kwargs={})
2025-11-14 17:23:39,198:INFO:Checking exceptions
2025-11-14 17:23:39,198:INFO:Importing libraries
2025-11-14 17:23:39,198:INFO:Copying training dataset
2025-11-14 17:23:39,205:INFO:Defining folds
2025-11-14 17:23:39,205:INFO:Declaring metric variables
2025-11-14 17:23:39,211:INFO:Importing untrained model
2025-11-14 17:23:39,215:INFO:CatBoost Regressor Imported successfully
2025-11-14 17:23:39,222:INFO:Starting cross validation
2025-11-14 17:23:39,222:INFO:Cross validating with KFold(n_splits=3, random_state=None, shuffle=False), n_jobs=-1
2025-11-14 17:23:41,678:INFO:Calculating mean and std
2025-11-14 17:23:41,680:INFO:Creating metrics dataframe
2025-11-14 17:23:41,681:INFO:Uploading results into container
2025-11-14 17:23:41,682:INFO:Uploading model into container now
2025-11-14 17:23:41,682:INFO:_master_model_container: 56
2025-11-14 17:23:41,682:INFO:_display_container: 3
2025-11-14 17:23:41,682:INFO:<catboost.core.CatBoostRegressor object at 0x7a7636d79c30>
2025-11-14 17:23:41,682:INFO:create_model() successfully completed......................................
2025-11-14 17:23:41,869:INFO:SubProcess create_model() end ==================================
2025-11-14 17:23:41,869:INFO:Creating metrics dataframe
2025-11-14 17:23:41,879:INFO:Initializing Dummy Regressor
2025-11-14 17:23:41,879:INFO:Total runtime is 0.9999160885810852 minutes
2025-11-14 17:23:41,882:INFO:SubProcess create_model() called ==================================
2025-11-14 17:23:41,883:INFO:Initializing create_model()
2025-11-14 17:23:41,883:INFO:create_model(self=<pycaret.regression.oop.RegressionExperiment object at 0x7a75f850a530>, estimator=dummy, fold=KFold(n_splits=3, random_state=None, shuffle=False), round=2, cross_validation=True, predict=True, fit_kwargs={}, groups=None, refit=False, probability_threshold=None, experiment_custom_tags=None, verbose=False, system=False, add_to_model_list=True, metrics=None, display=<pycaret.internal.display.display.CommonDisplay object at 0x7a7636c10160>, model_only=True, return_train_score=False, error_score=0.0, kwargs={})
2025-11-14 17:23:41,883:INFO:Checking exceptions
2025-11-14 17:23:41,883:INFO:Importing libraries
2025-11-14 17:23:41,883:INFO:Copying training dataset
2025-11-14 17:23:41,889:INFO:Defining folds
2025-11-14 17:23:41,889:INFO:Declaring metric variables
2025-11-14 17:23:41,894:INFO:Importing untrained model
2025-11-14 17:23:41,898:INFO:Dummy Regressor Imported successfully
2025-11-14 17:23:41,903:INFO:Starting cross validation
2025-11-14 17:23:41,904:INFO:Cross validating with KFold(n_splits=3, random_state=None, shuffle=False), n_jobs=-1
2025-11-14 17:23:41,946:INFO:Calculating mean and std
2025-11-14 17:23:41,946:INFO:Creating metrics dataframe
2025-11-14 17:23:41,948:INFO:Uploading results into container
2025-11-14 17:23:41,948:INFO:Uploading model into container now
2025-11-14 17:23:41,948:INFO:_master_model_container: 57
2025-11-14 17:23:41,948:INFO:_display_container: 3
2025-11-14 17:23:41,949:INFO:DummyRegressor()
2025-11-14 17:23:41,949:INFO:create_model() successfully completed......................................
2025-11-14 17:23:42,143:INFO:SubProcess create_model() end ==================================
2025-11-14 17:23:42,143:INFO:Creating metrics dataframe
2025-11-14 17:23:42,155:WARNING:/media/aria/SSD/anaconda/envs/py310/lib/python3.10/site-packages/pycaret/internal/pycaret_experiment/supervised_experiment.py:323: FutureWarning: Styler.applymap has been deprecated. Use Styler.map instead.

2025-11-14 17:23:42,164:INFO:Initializing create_model()
2025-11-14 17:23:42,164:INFO:create_model(self=<pycaret.regression.oop.RegressionExperiment object at 0x7a75f850a530>, estimator=ExtraTreesRegressor(n_jobs=-1, random_state=123), fold=KFold(n_splits=3, random_state=None, shuffle=False), round=2, cross_validation=False, predict=False, fit_kwargs={}, groups=None, refit=True, probability_threshold=None, experiment_custom_tags=None, verbose=False, system=False, add_to_model_list=True, metrics=None, display=None, model_only=True, return_train_score=False, error_score=0.0, kwargs={})
2025-11-14 17:23:42,164:INFO:Checking exceptions
2025-11-14 17:23:42,166:INFO:Importing libraries
2025-11-14 17:23:42,166:INFO:Copying training dataset
2025-11-14 17:23:42,171:INFO:Defining folds
2025-11-14 17:23:42,171:INFO:Declaring metric variables
2025-11-14 17:23:42,171:INFO:Importing untrained model
2025-11-14 17:23:42,171:INFO:Declaring custom model
2025-11-14 17:23:42,172:INFO:Extra Trees Regressor Imported successfully
2025-11-14 17:23:42,172:INFO:Cross validation set to False
2025-11-14 17:23:42,172:INFO:Fitting Model
2025-11-14 17:23:42,263:INFO:ExtraTreesRegressor(n_jobs=-1, random_state=123)
2025-11-14 17:23:42,263:INFO:create_model() successfully completed......................................
2025-11-14 17:23:42,454:INFO:Initializing create_model()
2025-11-14 17:23:42,454:INFO:create_model(self=<pycaret.regression.oop.RegressionExperiment object at 0x7a75f850a530>, estimator=GradientBoostingRegressor(random_state=123), fold=KFold(n_splits=3, random_state=None, shuffle=False), round=2, cross_validation=False, predict=False, fit_kwargs={}, groups=None, refit=True, probability_threshold=None, experiment_custom_tags=None, verbose=False, system=False, add_to_model_list=True, metrics=None, display=None, model_only=True, return_train_score=False, error_score=0.0, kwargs={})
2025-11-14 17:23:42,454:INFO:Checking exceptions
2025-11-14 17:23:42,456:INFO:Importing libraries
2025-11-14 17:23:42,456:INFO:Copying training dataset
2025-11-14 17:23:42,460:INFO:Defining folds
2025-11-14 17:23:42,460:INFO:Declaring metric variables
2025-11-14 17:23:42,460:INFO:Importing untrained model
2025-11-14 17:23:42,460:INFO:Declaring custom model
2025-11-14 17:23:42,461:INFO:Gradient Boosting Regressor Imported successfully
2025-11-14 17:23:42,462:INFO:Cross validation set to False
2025-11-14 17:23:42,462:INFO:Fitting Model
2025-11-14 17:23:42,595:INFO:GradientBoostingRegressor(random_state=123)
2025-11-14 17:23:42,595:INFO:create_model() successfully completed......................................
2025-11-14 17:23:42,776:INFO:Initializing create_model()
2025-11-14 17:23:42,777:INFO:create_model(self=<pycaret.regression.oop.RegressionExperiment object at 0x7a75f850a530>, estimator=<catboost.core.CatBoostRegressor object at 0x7a7636d79c30>, fold=KFold(n_splits=3, random_state=None, shuffle=False), round=2, cross_validation=False, predict=False, fit_kwargs={}, groups=None, refit=True, probability_threshold=None, experiment_custom_tags=None, verbose=False, system=False, add_to_model_list=True, metrics=None, display=None, model_only=True, return_train_score=False, error_score=0.0, kwargs={})
2025-11-14 17:23:42,777:INFO:Checking exceptions
2025-11-14 17:23:42,778:INFO:Importing libraries
2025-11-14 17:23:42,778:INFO:Copying training dataset
2025-11-14 17:23:42,782:INFO:Defining folds
2025-11-14 17:23:42,782:INFO:Declaring metric variables
2025-11-14 17:23:42,782:INFO:Importing untrained model
2025-11-14 17:23:42,782:INFO:Declaring custom model
2025-11-14 17:23:42,783:INFO:CatBoost Regressor Imported successfully
2025-11-14 17:23:42,783:INFO:Cross validation set to False
2025-11-14 17:23:42,783:INFO:Fitting Model
2025-11-14 17:23:43,501:INFO:<catboost.core.CatBoostRegressor object at 0x7a763702f520>
2025-11-14 17:23:43,501:INFO:create_model() successfully completed......................................
2025-11-14 17:23:43,728:INFO:_master_model_container: 57
2025-11-14 17:23:43,728:INFO:_display_container: 3
2025-11-14 17:23:43,729:INFO:[ExtraTreesRegressor(n_jobs=-1, random_state=123), GradientBoostingRegressor(random_state=123), <catboost.core.CatBoostRegressor object at 0x7a763702f520>]
2025-11-14 17:23:43,729:INFO:compare_models() successfully completed......................................
2025-11-14 17:27:52,619:INFO:Initializing create_model()
2025-11-14 17:27:52,619:INFO:create_model(self=<pycaret.regression.oop.RegressionExperiment object at 0x7a75f850a530>, estimator=catboost, fold=None, round=4, cross_validation=True, predict=True, fit_kwargs=None, groups=None, refit=True, probability_threshold=None, experiment_custom_tags=None, verbose=True, system=True, add_to_model_list=True, metrics=None, display=None, model_only=True, return_train_score=False, error_score=0.0, kwargs={'n_etimator': 300})
2025-11-14 17:27:52,620:INFO:Checking exceptions
2025-11-14 17:27:52,654:INFO:Importing libraries
2025-11-14 17:27:52,654:INFO:Copying training dataset
2025-11-14 17:27:52,664:INFO:Defining folds
2025-11-14 17:27:52,664:INFO:Declaring metric variables
2025-11-14 17:27:52,669:INFO:Importing untrained model
2025-11-14 17:28:03,903:INFO:Initializing create_model()
2025-11-14 17:28:03,904:INFO:create_model(self=<pycaret.regression.oop.RegressionExperiment object at 0x7a75f850a530>, estimator=catboost, fold=None, round=4, cross_validation=True, predict=True, fit_kwargs=None, groups=None, refit=True, probability_threshold=None, experiment_custom_tags=None, verbose=True, system=True, add_to_model_list=True, metrics=None, display=None, model_only=True, return_train_score=False, error_score=0.0, kwargs={'n_estimator': 300})
2025-11-14 17:28:03,904:INFO:Checking exceptions
2025-11-14 17:28:03,921:INFO:Importing libraries
2025-11-14 17:28:03,921:INFO:Copying training dataset
2025-11-14 17:28:03,928:INFO:Defining folds
2025-11-14 17:28:03,928:INFO:Declaring metric variables
2025-11-14 17:28:03,933:INFO:Importing untrained model
2025-11-14 17:28:17,173:INFO:Initializing create_model()
2025-11-14 17:28:17,173:INFO:create_model(self=<pycaret.regression.oop.RegressionExperiment object at 0x7a75f850a530>, estimator=catboost, fold=None, round=4, cross_validation=True, predict=True, fit_kwargs=None, groups=None, refit=True, probability_threshold=None, experiment_custom_tags=None, verbose=True, system=True, add_to_model_list=True, metrics=None, display=None, model_only=True, return_train_score=False, error_score=0.0, kwargs={'n_estimators': 300})
2025-11-14 17:28:17,173:INFO:Checking exceptions
2025-11-14 17:28:17,192:INFO:Importing libraries
2025-11-14 17:28:17,193:INFO:Copying training dataset
2025-11-14 17:28:17,198:INFO:Defining folds
2025-11-14 17:28:17,198:INFO:Declaring metric variables
2025-11-14 17:28:17,201:INFO:Importing untrained model
2025-11-14 17:28:17,205:INFO:CatBoost Regressor Imported successfully
2025-11-14 17:28:17,211:INFO:Starting cross validation
2025-11-14 17:28:17,212:INFO:Cross validating with KFold(n_splits=10, random_state=None, shuffle=False), n_jobs=-1
2025-11-14 17:28:19,990:INFO:Calculating mean and std
2025-11-14 17:28:19,991:INFO:Creating metrics dataframe
2025-11-14 17:28:19,998:INFO:Finalizing model
2025-11-14 17:28:20,270:INFO:Uploading results into container
2025-11-14 17:28:20,271:INFO:Uploading model into container now
2025-11-14 17:28:20,281:INFO:_master_model_container: 58
2025-11-14 17:28:20,281:INFO:_display_container: 4
2025-11-14 17:28:20,281:INFO:<catboost.core.CatBoostRegressor object at 0x7a7636768850>
2025-11-14 17:28:20,281:INFO:create_model() successfully completed......................................
2025-11-14 17:28:53,026:INFO:Initializing create_model()
2025-11-14 17:28:53,026:INFO:create_model(self=<pycaret.regression.oop.RegressionExperiment object at 0x7a75f850a530>, estimator=catboost, fold=None, round=4, cross_validation=True, predict=True, fit_kwargs=None, groups=None, refit=True, probability_threshold=None, experiment_custom_tags=None, verbose=True, system=True, add_to_model_list=True, metrics=None, display=None, model_only=True, return_train_score=False, error_score=0.0, kwargs={})
2025-11-14 17:28:53,026:INFO:Checking exceptions
2025-11-14 17:28:53,044:INFO:Importing libraries
2025-11-14 17:28:53,044:INFO:Copying training dataset
2025-11-14 17:28:53,050:INFO:Defining folds
2025-11-14 17:28:53,050:INFO:Declaring metric variables
2025-11-14 17:28:53,053:INFO:Importing untrained model
2025-11-14 17:28:53,056:INFO:CatBoost Regressor Imported successfully
2025-11-14 17:28:53,062:INFO:Starting cross validation
2025-11-14 17:28:53,063:INFO:Cross validating with KFold(n_splits=10, random_state=None, shuffle=False), n_jobs=-1
2025-11-14 17:29:02,167:INFO:Calculating mean and std
2025-11-14 17:29:02,168:INFO:Creating metrics dataframe
2025-11-14 17:29:02,174:INFO:Finalizing model
2025-11-14 17:29:02,920:INFO:Uploading results into container
2025-11-14 17:29:02,921:INFO:Uploading model into container now
2025-11-14 17:29:02,930:INFO:_master_model_container: 59
2025-11-14 17:29:02,930:INFO:_display_container: 5
2025-11-14 17:29:02,930:INFO:<catboost.core.CatBoostRegressor object at 0x7a7636d792d0>
2025-11-14 17:29:02,930:INFO:create_model() successfully completed......................................
2025-11-14 17:29:46,105:INFO:Initializing plot_model()
2025-11-14 17:29:46,105:INFO:plot_model(plot=residuals, fold=None, verbose=True, display=None, display_format=None, estimator=<catboost.core.CatBoostRegressor object at 0x7a7636d792d0>, feature_name=None, fit_kwargs=None, groups=None, label=False, plot_kwargs=None, save=False, scale=1, self=<pycaret.regression.oop.RegressionExperiment object at 0x7a75f850a530>, system=True)
2025-11-14 17:29:46,105:INFO:Checking exceptions
2025-11-14 17:29:46,109:INFO:Preloading libraries
2025-11-14 17:29:46,112:INFO:Copying training dataset
2025-11-14 17:29:46,112:INFO:Plot type: residuals
2025-11-14 17:29:46,230:INFO:Fitting Model
2025-11-14 17:29:46,263:INFO:Scoring test/hold-out set
2025-11-14 17:29:46,774:INFO:Visual Rendered Successfully
2025-11-14 17:29:46,968:INFO:plot_model() successfully completed......................................
2025-11-14 17:32:53,139:INFO:Initializing evaluate_model()
2025-11-14 17:32:53,139:INFO:evaluate_model(self=<pycaret.regression.oop.RegressionExperiment object at 0x7a75f850a530>, estimator=[ExtraTreesRegressor(n_jobs=-1, random_state=123), GradientBoostingRegressor(random_state=123), <catboost.core.CatBoostRegressor object at 0x7a763702f520>], fold=None, fit_kwargs=None, plot_kwargs=None, feature_name=None, groups=None)
2025-11-14 17:32:53,155:INFO:Initializing plot_model()
2025-11-14 17:32:53,155:INFO:plot_model(plot=pipeline, fold=KFold(n_splits=10, random_state=None, shuffle=False), verbose=False, display=None, display_format=None, estimator=[ExtraTreesRegressor(n_jobs=-1, random_state=123), GradientBoostingRegressor(random_state=123), <catboost.core.CatBoostRegressor object at 0x7a763702f520>], feature_name=None, fit_kwargs={}, groups=None, label=False, plot_kwargs=None, save=False, scale=1, self=<pycaret.regression.oop.RegressionExperiment object at 0x7a75f850a530>, system=True)
2025-11-14 17:32:53,155:INFO:Checking exceptions
2025-11-14 17:33:03,609:INFO:Initializing evaluate_model()
2025-11-14 17:33:03,609:INFO:evaluate_model(self=<pycaret.regression.oop.RegressionExperiment object at 0x7a75f850a530>, estimator=[ExtraTreesRegressor(n_jobs=-1, random_state=123), GradientBoostingRegressor(random_state=123), <catboost.core.CatBoostRegressor object at 0x7a763702f520>], fold=None, fit_kwargs=None, plot_kwargs=None, feature_name=None, groups=None)
2025-11-14 17:33:03,625:INFO:Initializing plot_model()
2025-11-14 17:33:03,625:INFO:plot_model(plot=pipeline, fold=KFold(n_splits=10, random_state=None, shuffle=False), verbose=False, display=None, display_format=None, estimator=[ExtraTreesRegressor(n_jobs=-1, random_state=123), GradientBoostingRegressor(random_state=123), <catboost.core.CatBoostRegressor object at 0x7a763702f520>], feature_name=None, fit_kwargs={}, groups=None, label=False, plot_kwargs=None, save=False, scale=1, self=<pycaret.regression.oop.RegressionExperiment object at 0x7a75f850a530>, system=True)
2025-11-14 17:33:03,625:INFO:Checking exceptions
2025-11-14 17:33:11,863:INFO:Initializing plot_model()
2025-11-14 17:33:11,863:INFO:plot_model(plot=parameter, fold=KFold(n_splits=10, random_state=None, shuffle=False), verbose=False, display=None, display_format=None, estimator=[ExtraTreesRegressor(n_jobs=-1, random_state=123), GradientBoostingRegressor(random_state=123), <catboost.core.CatBoostRegressor object at 0x7a763702f520>], feature_name=None, fit_kwargs={}, groups=None, label=False, plot_kwargs=None, save=False, scale=1, self=<pycaret.regression.oop.RegressionExperiment object at 0x7a75f850a530>, system=True)
2025-11-14 17:33:11,864:INFO:Checking exceptions
2025-11-14 17:33:23,274:INFO:Initializing evaluate_model()
2025-11-14 17:33:23,275:INFO:evaluate_model(self=<pycaret.regression.oop.RegressionExperiment object at 0x7a75f850a530>, estimator=<catboost.core.CatBoostRegressor object at 0x7a7636d792d0>, fold=None, fit_kwargs=None, plot_kwargs=None, feature_name=None, groups=None)
2025-11-14 17:33:23,290:INFO:Initializing plot_model()
2025-11-14 17:33:23,290:INFO:plot_model(plot=pipeline, fold=KFold(n_splits=10, random_state=None, shuffle=False), verbose=False, display=None, display_format=None, estimator=<catboost.core.CatBoostRegressor object at 0x7a7636d792d0>, feature_name=None, fit_kwargs={}, groups=None, label=False, plot_kwargs=None, save=False, scale=1, self=<pycaret.regression.oop.RegressionExperiment object at 0x7a75f850a530>, system=True)
2025-11-14 17:33:23,290:INFO:Checking exceptions
2025-11-14 17:33:23,294:INFO:Preloading libraries
2025-11-14 17:33:23,297:INFO:Copying training dataset
2025-11-14 17:33:23,297:INFO:Plot type: pipeline
2025-11-14 17:33:23,401:INFO:Visual Rendered Successfully
2025-11-14 17:33:23,595:INFO:plot_model() successfully completed......................................
2025-11-14 17:33:26,501:INFO:Initializing plot_model()
2025-11-14 17:33:26,501:INFO:plot_model(plot=learning, fold=KFold(n_splits=10, random_state=None, shuffle=False), verbose=False, display=None, display_format=None, estimator=<catboost.core.CatBoostRegressor object at 0x7a7636d792d0>, feature_name=None, fit_kwargs={}, groups=None, label=False, plot_kwargs=None, save=False, scale=1, self=<pycaret.regression.oop.RegressionExperiment object at 0x7a75f850a530>, system=True)
2025-11-14 17:33:26,501:INFO:Checking exceptions
2025-11-14 17:33:26,507:INFO:Preloading libraries
2025-11-14 17:33:26,509:INFO:Copying training dataset
2025-11-14 17:33:26,509:INFO:Plot type: learning
2025-11-14 17:33:26,590:INFO:Fitting Model
2025-11-14 17:34:34,314:INFO:Visual Rendered Successfully
2025-11-14 17:34:34,509:INFO:plot_model() successfully completed......................................
2025-11-14 17:34:34,531:INFO:Initializing evaluate_model()
2025-11-14 17:34:34,531:INFO:evaluate_model(self=<pycaret.regression.oop.RegressionExperiment object at 0x7a75f850a530>, estimator=[ExtraTreesRegressor(n_jobs=-1, random_state=123), GradientBoostingRegressor(random_state=123), <catboost.core.CatBoostRegressor object at 0x7a763702f520>], fold=None, fit_kwargs=None, plot_kwargs=None, feature_name=None, groups=None)
2025-11-14 17:34:34,541:INFO:Initializing plot_model()
2025-11-14 17:34:34,542:INFO:plot_model(plot=pipeline, fold=KFold(n_splits=10, random_state=None, shuffle=False), verbose=False, display=None, display_format=None, estimator=[ExtraTreesRegressor(n_jobs=-1, random_state=123), GradientBoostingRegressor(random_state=123), <catboost.core.CatBoostRegressor object at 0x7a763702f520>], feature_name=None, fit_kwargs={}, groups=None, label=False, plot_kwargs=None, save=False, scale=1, self=<pycaret.regression.oop.RegressionExperiment object at 0x7a75f850a530>, system=True)
2025-11-14 17:34:34,542:INFO:Checking exceptions
2025-11-14 17:34:34,679:INFO:Initializing create_model()
2025-11-14 17:34:34,679:INFO:create_model(self=<pycaret.regression.oop.RegressionExperiment object at 0x7a75f850a530>, estimator=catboost, fold=None, round=4, cross_validation=True, predict=True, fit_kwargs=None, groups=None, refit=True, probability_threshold=None, experiment_custom_tags=None, verbose=True, system=True, add_to_model_list=True, metrics=None, display=None, model_only=True, return_train_score=False, error_score=0.0, kwargs={'n_estimators': 500})
2025-11-14 17:34:34,679:INFO:Checking exceptions
2025-11-14 17:34:34,691:INFO:Importing libraries
2025-11-14 17:34:34,691:INFO:Copying training dataset
2025-11-14 17:34:34,695:INFO:Defining folds
2025-11-14 17:34:34,695:INFO:Declaring metric variables
2025-11-14 17:34:34,698:INFO:Importing untrained model
2025-11-14 17:34:34,701:INFO:CatBoost Regressor Imported successfully
2025-11-14 17:34:34,705:INFO:Starting cross validation
2025-11-14 17:34:34,706:INFO:Cross validating with KFold(n_splits=10, random_state=None, shuffle=False), n_jobs=-1
2025-11-14 17:34:39,129:INFO:Calculating mean and std
2025-11-14 17:34:39,130:INFO:Creating metrics dataframe
2025-11-14 17:34:39,136:INFO:Finalizing model
2025-11-14 17:34:39,579:INFO:Uploading results into container
2025-11-14 17:34:39,579:INFO:Uploading model into container now
2025-11-14 17:34:39,589:INFO:_master_model_container: 60
2025-11-14 17:34:39,589:INFO:_display_container: 6
2025-11-14 17:34:39,589:INFO:<catboost.core.CatBoostRegressor object at 0x7a762d8a5de0>
2025-11-14 17:34:39,589:INFO:create_model() successfully completed......................................
2025-11-14 17:34:39,795:INFO:Initializing plot_model()
2025-11-14 17:34:39,796:INFO:plot_model(plot=residuals_interactive, fold=KFold(n_splits=10, random_state=None, shuffle=False), verbose=False, display=None, display_format=None, estimator=<catboost.core.CatBoostRegressor object at 0x7a7636d792d0>, feature_name=None, fit_kwargs={}, groups=None, label=False, plot_kwargs=None, save=False, scale=1, self=<pycaret.regression.oop.RegressionExperiment object at 0x7a75f850a530>, system=True)
2025-11-14 17:34:39,796:INFO:Checking exceptions
2025-11-14 17:34:39,798:INFO:Preloading libraries
2025-11-14 17:34:39,801:INFO:Copying training dataset
2025-11-14 17:34:39,801:INFO:Plot type: residuals_interactive
2025-11-14 17:34:39,921:INFO:Calculated model residuals
2025-11-14 17:34:40,154:INFO:Calculated Tunkey-Anscombe Plot
2025-11-14 17:34:40,206:INFO:Calculated Normal QQ Plot
2025-11-14 17:34:40,281:INFO:Calculated Scale-Location Plot
2025-11-14 17:34:40,396:INFO:Calculated Residual vs Leverage Plot inc. Cook's distance
2025-11-14 17:34:40,531:INFO:Visual Rendered Successfully
2025-11-14 17:34:40,731:INFO:plot_model() successfully completed......................................
2025-11-14 17:34:40,800:INFO:Initializing plot_model()
2025-11-14 17:34:40,800:INFO:plot_model(plot=learning, fold=KFold(n_splits=10, random_state=None, shuffle=False), verbose=False, display=None, display_format=None, estimator=[ExtraTreesRegressor(n_jobs=-1, random_state=123), GradientBoostingRegressor(random_state=123), <catboost.core.CatBoostRegressor object at 0x7a763702f520>], feature_name=None, fit_kwargs={}, groups=None, label=False, plot_kwargs=None, save=False, scale=1, self=<pycaret.regression.oop.RegressionExperiment object at 0x7a75f850a530>, system=True)
2025-11-14 17:34:40,800:INFO:Checking exceptions
2025-11-14 17:34:50,546:INFO:Initializing plot_model()
2025-11-14 17:34:50,546:INFO:plot_model(plot=manifold, fold=KFold(n_splits=10, random_state=None, shuffle=False), verbose=False, display=None, display_format=None, estimator=[ExtraTreesRegressor(n_jobs=-1, random_state=123), GradientBoostingRegressor(random_state=123), <catboost.core.CatBoostRegressor object at 0x7a763702f520>], feature_name=None, fit_kwargs={}, groups=None, label=False, plot_kwargs=None, save=False, scale=1, self=<pycaret.regression.oop.RegressionExperiment object at 0x7a75f850a530>, system=True)
2025-11-14 17:34:50,546:INFO:Checking exceptions
2025-11-14 17:34:54,257:INFO:Initializing plot_model()
2025-11-14 17:34:54,257:INFO:plot_model(plot=residuals, fold=None, verbose=True, display=None, display_format=None, estimator=<catboost.core.CatBoostRegressor object at 0x7a762d8a5de0>, feature_name=None, fit_kwargs=None, groups=None, label=False, plot_kwargs=None, save=False, scale=1, self=<pycaret.regression.oop.RegressionExperiment object at 0x7a75f850a530>, system=True)
2025-11-14 17:34:54,258:INFO:Checking exceptions
2025-11-14 17:34:54,265:INFO:Preloading libraries
2025-11-14 17:34:54,269:INFO:Copying training dataset
2025-11-14 17:34:54,269:INFO:Plot type: residuals
2025-11-14 17:34:54,378:INFO:Fitting Model
2025-11-14 17:34:54,412:INFO:Scoring test/hold-out set
2025-11-14 17:34:54,707:INFO:Visual Rendered Successfully
2025-11-14 17:34:54,922:INFO:plot_model() successfully completed......................................
2025-11-14 17:35:09,199:INFO:Initializing create_model()
2025-11-14 17:35:09,199:INFO:create_model(self=<pycaret.regression.oop.RegressionExperiment object at 0x7a75f850a530>, estimator=catboost, fold=None, round=4, cross_validation=True, predict=True, fit_kwargs=None, groups=None, refit=True, probability_threshold=None, experiment_custom_tags=None, verbose=True, system=True, add_to_model_list=True, metrics=None, display=None, model_only=True, return_train_score=False, error_score=0.0, kwargs={'n_estimators': 700})
2025-11-14 17:35:09,200:INFO:Checking exceptions
2025-11-14 17:35:09,218:INFO:Importing libraries
2025-11-14 17:35:09,219:INFO:Copying training dataset
2025-11-14 17:35:09,223:INFO:Defining folds
2025-11-14 17:35:09,223:INFO:Declaring metric variables
2025-11-14 17:35:09,226:INFO:Importing untrained model
2025-11-14 17:35:09,229:INFO:CatBoost Regressor Imported successfully
2025-11-14 17:35:09,236:INFO:Starting cross validation
2025-11-14 17:35:09,237:INFO:Cross validating with KFold(n_splits=10, random_state=None, shuffle=False), n_jobs=-1
2025-11-14 17:35:15,281:INFO:Calculating mean and std
2025-11-14 17:35:15,282:INFO:Creating metrics dataframe
2025-11-14 17:35:15,287:INFO:Finalizing model
2025-11-14 17:35:15,815:INFO:Uploading results into container
2025-11-14 17:35:15,816:INFO:Uploading model into container now
2025-11-14 17:35:15,824:INFO:_master_model_container: 61
2025-11-14 17:35:15,825:INFO:_display_container: 7
2025-11-14 17:35:15,825:INFO:<catboost.core.CatBoostRegressor object at 0x7a754430a3e0>
2025-11-14 17:35:15,825:INFO:create_model() successfully completed......................................
2025-11-14 17:35:21,720:INFO:Initializing plot_model()
2025-11-14 17:35:21,720:INFO:plot_model(plot=residuals, fold=None, verbose=True, display=None, display_format=None, estimator=<catboost.core.CatBoostRegressor object at 0x7a754430a3e0>, feature_name=None, fit_kwargs=None, groups=None, label=False, plot_kwargs=None, save=False, scale=1, self=<pycaret.regression.oop.RegressionExperiment object at 0x7a75f850a530>, system=True)
2025-11-14 17:35:21,725:INFO:Checking exceptions
2025-11-14 17:35:21,729:INFO:Preloading libraries
2025-11-14 17:35:21,732:INFO:Copying training dataset
2025-11-14 17:35:21,733:INFO:Plot type: residuals
2025-11-14 17:35:21,827:INFO:Fitting Model
2025-11-14 17:35:21,858:INFO:Scoring test/hold-out set
2025-11-14 17:35:22,177:INFO:Visual Rendered Successfully
2025-11-14 17:35:22,378:INFO:plot_model() successfully completed......................................
2025-11-14 17:35:29,734:INFO:Initializing create_model()
2025-11-14 17:35:29,734:INFO:create_model(self=<pycaret.regression.oop.RegressionExperiment object at 0x7a75f850a530>, estimator=catboost, fold=None, round=4, cross_validation=True, predict=True, fit_kwargs=None, groups=None, refit=True, probability_threshold=None, experiment_custom_tags=None, verbose=True, system=True, add_to_model_list=True, metrics=None, display=None, model_only=True, return_train_score=False, error_score=0.0, kwargs={'n_estimators': 20})
2025-11-14 17:35:29,734:INFO:Checking exceptions
2025-11-14 17:35:29,753:INFO:Importing libraries
2025-11-14 17:35:29,753:INFO:Copying training dataset
2025-11-14 17:35:29,759:INFO:Defining folds
2025-11-14 17:35:29,760:INFO:Declaring metric variables
2025-11-14 17:35:29,764:INFO:Importing untrained model
2025-11-14 17:35:29,768:INFO:CatBoost Regressor Imported successfully
2025-11-14 17:35:29,777:INFO:Starting cross validation
2025-11-14 17:35:29,778:INFO:Cross validating with KFold(n_splits=10, random_state=None, shuffle=False), n_jobs=-1
2025-11-14 17:35:30,054:INFO:Calculating mean and std
2025-11-14 17:35:30,055:INFO:Creating metrics dataframe
2025-11-14 17:35:30,059:INFO:Finalizing model
2025-11-14 17:35:30,096:INFO:Uploading results into container
2025-11-14 17:35:30,097:INFO:Uploading model into container now
2025-11-14 17:35:30,104:INFO:_master_model_container: 62
2025-11-14 17:35:30,104:INFO:_display_container: 8
2025-11-14 17:35:30,104:INFO:<catboost.core.CatBoostRegressor object at 0x7a75445bf7c0>
2025-11-14 17:35:30,105:INFO:create_model() successfully completed......................................
2025-11-14 17:35:31,304:INFO:Initializing plot_model()
2025-11-14 17:35:31,304:INFO:plot_model(plot=residuals, fold=None, verbose=True, display=None, display_format=None, estimator=<catboost.core.CatBoostRegressor object at 0x7a75445bf7c0>, feature_name=None, fit_kwargs=None, groups=None, label=False, plot_kwargs=None, save=False, scale=1, self=<pycaret.regression.oop.RegressionExperiment object at 0x7a75f850a530>, system=True)
2025-11-14 17:35:31,304:INFO:Checking exceptions
2025-11-14 17:35:31,308:INFO:Preloading libraries
2025-11-14 17:35:31,309:INFO:Copying training dataset
2025-11-14 17:35:31,309:INFO:Plot type: residuals
2025-11-14 17:35:31,408:INFO:Fitting Model
2025-11-14 17:35:31,442:INFO:Scoring test/hold-out set
2025-11-14 17:35:31,762:INFO:Visual Rendered Successfully
2025-11-14 17:35:31,967:INFO:plot_model() successfully completed......................................
2025-11-14 17:36:03,528:INFO:Initializing create_model()
2025-11-14 17:36:03,529:INFO:create_model(self=<pycaret.regression.oop.RegressionExperiment object at 0x7a75f850a530>, estimator=catboost, fold=None, round=4, cross_validation=True, predict=True, fit_kwargs=None, groups=None, refit=True, probability_threshold=None, experiment_custom_tags=None, verbose=True, system=True, add_to_model_list=True, metrics=None, display=None, model_only=True, return_train_score=False, error_score=0.0, kwargs={'n_estimators': 90})
2025-11-14 17:36:03,529:INFO:Checking exceptions
2025-11-14 17:36:03,550:INFO:Importing libraries
2025-11-14 17:36:03,551:INFO:Copying training dataset
2025-11-14 17:36:03,557:INFO:Defining folds
2025-11-14 17:36:03,557:INFO:Declaring metric variables
2025-11-14 17:36:03,560:INFO:Importing untrained model
2025-11-14 17:36:03,563:INFO:CatBoost Regressor Imported successfully
2025-11-14 17:36:03,570:INFO:Starting cross validation
2025-11-14 17:36:03,571:INFO:Cross validating with KFold(n_splits=10, random_state=None, shuffle=False), n_jobs=-1
2025-11-14 17:36:04,456:INFO:Calculating mean and std
2025-11-14 17:36:04,456:INFO:Creating metrics dataframe
2025-11-14 17:36:04,461:INFO:Finalizing model
2025-11-14 17:36:04,549:INFO:Uploading results into container
2025-11-14 17:36:04,549:INFO:Uploading model into container now
2025-11-14 17:36:04,558:INFO:_master_model_container: 63
2025-11-14 17:36:04,558:INFO:_display_container: 9
2025-11-14 17:36:04,558:INFO:<catboost.core.CatBoostRegressor object at 0x7a754437bd00>
2025-11-14 17:36:04,558:INFO:create_model() successfully completed......................................
2025-11-14 17:36:09,474:INFO:Initializing plot_model()
2025-11-14 17:36:09,475:INFO:plot_model(plot=residuals, fold=None, verbose=True, display=None, display_format=None, estimator=<catboost.core.CatBoostRegressor object at 0x7a754437bd00>, feature_name=None, fit_kwargs=None, groups=None, label=False, plot_kwargs=None, save=False, scale=1, self=<pycaret.regression.oop.RegressionExperiment object at 0x7a75f850a530>, system=True)
2025-11-14 17:36:09,475:INFO:Checking exceptions
2025-11-14 17:36:09,482:INFO:Preloading libraries
2025-11-14 17:36:09,483:INFO:Copying training dataset
2025-11-14 17:36:09,483:INFO:Plot type: residuals
2025-11-14 17:36:09,599:INFO:Fitting Model
2025-11-14 17:36:09,630:INFO:Scoring test/hold-out set
2025-11-14 17:36:09,923:INFO:Visual Rendered Successfully
2025-11-14 17:36:10,126:INFO:plot_model() successfully completed......................................
2025-11-14 17:36:25,140:INFO:Initializing create_model()
2025-11-14 17:36:25,141:INFO:create_model(self=<pycaret.regression.oop.RegressionExperiment object at 0x7a75f850a530>, estimator=catboost, fold=None, round=4, cross_validation=True, predict=True, fit_kwargs=None, groups=None, refit=True, probability_threshold=None, experiment_custom_tags=None, verbose=True, system=True, add_to_model_list=True, metrics=None, display=None, model_only=True, return_train_score=False, error_score=0.0, kwargs={})
2025-11-14 17:36:25,141:INFO:Checking exceptions
2025-11-14 17:36:25,162:INFO:Importing libraries
2025-11-14 17:36:25,163:INFO:Copying training dataset
2025-11-14 17:36:25,168:INFO:Defining folds
2025-11-14 17:36:25,168:INFO:Declaring metric variables
2025-11-14 17:36:25,172:INFO:Importing untrained model
2025-11-14 17:36:25,176:INFO:CatBoost Regressor Imported successfully
2025-11-14 17:36:25,184:INFO:Starting cross validation
2025-11-14 17:36:25,185:INFO:Cross validating with KFold(n_splits=10, random_state=None, shuffle=False), n_jobs=-1
2025-11-14 17:36:34,274:INFO:Calculating mean and std
2025-11-14 17:36:34,275:INFO:Creating metrics dataframe
2025-11-14 17:36:34,281:INFO:Finalizing model
2025-11-14 17:36:35,008:INFO:Uploading results into container
2025-11-14 17:36:35,009:INFO:Uploading model into container now
2025-11-14 17:36:35,019:INFO:_master_model_container: 64
2025-11-14 17:36:35,020:INFO:_display_container: 10
2025-11-14 17:36:35,020:INFO:<catboost.core.CatBoostRegressor object at 0x7a762d980730>
2025-11-14 17:36:35,020:INFO:create_model() successfully completed......................................
2025-11-14 17:36:49,802:INFO:Initializing plot_model()
2025-11-14 17:36:49,803:INFO:plot_model(plot=residuals, fold=None, verbose=True, display=None, display_format=None, estimator=<catboost.core.CatBoostRegressor object at 0x7a762d980730>, feature_name=None, fit_kwargs=None, groups=None, label=False, plot_kwargs=None, save=False, scale=1, self=<pycaret.regression.oop.RegressionExperiment object at 0x7a75f850a530>, system=True)
2025-11-14 17:36:49,803:INFO:Checking exceptions
2025-11-14 17:36:49,811:INFO:Preloading libraries
2025-11-14 17:36:49,818:INFO:Copying training dataset
2025-11-14 17:36:49,818:INFO:Plot type: residuals
2025-11-14 17:36:49,924:INFO:Fitting Model
2025-11-14 17:36:49,956:INFO:Scoring test/hold-out set
2025-11-14 17:36:50,266:INFO:Visual Rendered Successfully
2025-11-14 17:36:50,488:INFO:plot_model() successfully completed......................................
2025-11-14 17:43:15,377:INFO:Initializing evaluate_model()
2025-11-14 17:43:15,377:INFO:evaluate_model(self=<pycaret.regression.oop.RegressionExperiment object at 0x7a75f850a530>, estimator=<catboost.core.CatBoostRegressor object at 0x7a762d980730>, fold=None, fit_kwargs=None, plot_kwargs=None, feature_name=None, groups=None)
2025-11-14 17:43:15,395:INFO:Initializing plot_model()
2025-11-14 17:43:15,395:INFO:plot_model(plot=pipeline, fold=KFold(n_splits=10, random_state=None, shuffle=False), verbose=False, display=None, display_format=None, estimator=<catboost.core.CatBoostRegressor object at 0x7a762d980730>, feature_name=None, fit_kwargs={}, groups=None, label=False, plot_kwargs=None, save=False, scale=1, self=<pycaret.regression.oop.RegressionExperiment object at 0x7a75f850a530>, system=True)
2025-11-14 17:43:15,396:INFO:Checking exceptions
2025-11-14 17:43:15,401:INFO:Preloading libraries
2025-11-14 17:43:15,404:INFO:Copying training dataset
2025-11-14 17:43:15,405:INFO:Plot type: pipeline
2025-11-14 17:43:15,494:INFO:Visual Rendered Successfully
2025-11-14 17:43:15,725:INFO:plot_model() successfully completed......................................
2025-11-14 21:27:19,969:INFO:Initializing plot_model()
2025-11-14 21:27:19,970:INFO:plot_model(plot=parameter, fold=KFold(n_splits=10, random_state=None, shuffle=False), verbose=False, display=None, display_format=None, estimator=<catboost.core.CatBoostRegressor object at 0x7a762d980730>, feature_name=None, fit_kwargs={}, groups=None, label=False, plot_kwargs=None, save=False, scale=1, self=<pycaret.regression.oop.RegressionExperiment object at 0x7a75f850a530>, system=True)
2025-11-14 21:27:19,970:INFO:Checking exceptions
2025-11-14 21:27:19,973:INFO:Preloading libraries
2025-11-14 21:27:19,975:INFO:Copying training dataset
2025-11-14 21:27:19,975:INFO:Plot type: parameter
2025-11-14 21:27:19,980:INFO:Visual Rendered Successfully
2025-11-14 21:27:20,153:INFO:plot_model() successfully completed......................................
2025-11-14 21:27:23,608:INFO:Initializing plot_model()
2025-11-14 21:27:23,608:INFO:plot_model(plot=residuals, fold=KFold(n_splits=10, random_state=None, shuffle=False), verbose=False, display=None, display_format=None, estimator=<catboost.core.CatBoostRegressor object at 0x7a762d980730>, feature_name=None, fit_kwargs={}, groups=None, label=False, plot_kwargs=None, save=False, scale=1, self=<pycaret.regression.oop.RegressionExperiment object at 0x7a75f850a530>, system=True)
2025-11-14 21:27:23,608:INFO:Checking exceptions
2025-11-14 21:27:23,610:INFO:Preloading libraries
2025-11-14 21:27:23,611:INFO:Copying training dataset
2025-11-14 21:27:23,611:INFO:Plot type: residuals
2025-11-14 21:27:23,667:INFO:Fitting Model
2025-11-14 21:27:23,690:INFO:Scoring test/hold-out set
2025-11-14 21:27:23,898:INFO:Visual Rendered Successfully
2025-11-14 21:27:24,070:INFO:plot_model() successfully completed......................................
2025-11-14 21:27:26,652:INFO:Initializing plot_model()
2025-11-14 21:27:26,653:INFO:plot_model(plot=error, fold=KFold(n_splits=10, random_state=None, shuffle=False), verbose=False, display=None, display_format=None, estimator=<catboost.core.CatBoostRegressor object at 0x7a762d980730>, feature_name=None, fit_kwargs={}, groups=None, label=False, plot_kwargs=None, save=False, scale=1, self=<pycaret.regression.oop.RegressionExperiment object at 0x7a75f850a530>, system=True)
2025-11-14 21:27:26,653:INFO:Checking exceptions
2025-11-14 21:27:26,657:INFO:Preloading libraries
2025-11-14 21:27:26,659:INFO:Copying training dataset
2025-11-14 21:27:26,659:INFO:Plot type: error
2025-11-14 21:27:26,702:INFO:Fitting Model
2025-11-14 21:27:26,702:INFO:Scoring test/hold-out set
2025-11-14 21:27:26,841:INFO:Visual Rendered Successfully
2025-11-14 21:27:27,016:INFO:plot_model() successfully completed......................................
2025-11-14 21:27:29,714:INFO:Initializing plot_model()
2025-11-14 21:27:29,714:INFO:plot_model(plot=cooks, fold=KFold(n_splits=10, random_state=None, shuffle=False), verbose=False, display=None, display_format=None, estimator=<catboost.core.CatBoostRegressor object at 0x7a762d980730>, feature_name=None, fit_kwargs={}, groups=None, label=False, plot_kwargs=None, save=False, scale=1, self=<pycaret.regression.oop.RegressionExperiment object at 0x7a75f850a530>, system=True)
2025-11-14 21:27:29,714:INFO:Checking exceptions
2025-11-14 21:27:29,718:INFO:Preloading libraries
2025-11-14 21:27:29,720:INFO:Copying training dataset
2025-11-14 21:27:29,720:INFO:Plot type: cooks
2025-11-14 21:27:29,763:INFO:Fitting Model
2025-11-14 21:27:29,878:INFO:Visual Rendered Successfully
2025-11-14 21:27:30,049:INFO:plot_model() successfully completed......................................
2025-11-14 21:27:36,727:INFO:Initializing plot_model()
2025-11-14 21:27:36,728:INFO:plot_model(plot=rfe, fold=KFold(n_splits=10, random_state=None, shuffle=False), verbose=False, display=None, display_format=None, estimator=<catboost.core.CatBoostRegressor object at 0x7a762d980730>, feature_name=None, fit_kwargs={}, groups=None, label=False, plot_kwargs=None, save=False, scale=1, self=<pycaret.regression.oop.RegressionExperiment object at 0x7a75f850a530>, system=True)
2025-11-14 21:27:36,728:INFO:Checking exceptions
2025-11-14 21:27:36,731:INFO:Preloading libraries
2025-11-14 21:27:36,732:INFO:Copying training dataset
2025-11-14 21:27:36,732:INFO:Plot type: rfe
2025-11-14 21:27:36,778:INFO:Fitting Model
2025-11-14 21:29:33,104:INFO:Initializing plot_model()
2025-11-14 21:29:33,104:INFO:plot_model(plot=feature_all, fold=KFold(n_splits=10, random_state=None, shuffle=False), verbose=False, display=None, display_format=None, estimator=<catboost.core.CatBoostRegressor object at 0x7a762d980730>, feature_name=None, fit_kwargs={}, groups=None, label=False, plot_kwargs=None, save=False, scale=1, self=<pycaret.regression.oop.RegressionExperiment object at 0x7a75f850a530>, system=True)
2025-11-14 21:29:33,104:INFO:Checking exceptions
2025-11-14 21:29:33,105:INFO:Preloading libraries
2025-11-14 21:29:33,108:INFO:Copying training dataset
2025-11-14 21:29:33,108:INFO:Plot type: feature_all
2025-11-14 21:29:33,122:WARNING:No coef_ found. Trying feature_importances_
2025-11-14 21:29:33,236:INFO:Visual Rendered Successfully
2025-11-14 21:29:33,440:INFO:plot_model() successfully completed......................................
